date_time,ticker,vlr
2022-08-14 23:24:56.469554,BTC-USD,24741.46484375
2022-08-14 23:24:56.469554,ETH-USD,1976.650146484375
2022-08-14 23:24:56.469554,DOGE-USD,0.08012450486421585
2022-08-14 23:24:56.469554,SHIB-USD,1.7025591660058126e-05
2022-08-14 23:24:56.469554,BRL=X,5.071300029754639
2022-08-14 23:24:56.469554,EURBRL=X,5.2027997970581055
2022-08-14 23:24:56.469554,EUR=X,0.975600004196167
2022-08-14 23:25:00.004940,BTC-USD,24741.46484375
2022-08-14 23:25:00.004940,ETH-USD,1976.650146484375
2022-08-14 23:25:00.004940,DOGE-USD,0.08012450486421585
2022-08-14 23:25:00.004940,SHIB-USD,1.7025591660058126e-05
2022-08-14 23:25:00.004940,BRL=X,5.071300029754639
2022-08-14 23:25:00.004940,EURBRL=X,5.2027997970581055
2022-08-14 23:25:00.004940,EUR=X,0.975600004196167
2022-08-14 23:25:03.278396,BTC-USD,24741.46484375
2022-08-14 23:25:03.278396,ETH-USD,1976.650146484375
2022-08-14 23:25:03.278396,DOGE-USD,0.08012450486421585
2022-08-14 23:25:03.278396,SHIB-USD,1.7025591660058126e-05
2022-08-14 23:25:03.278396,BRL=X,5.071300029754639
2022-08-14 23:25:03.278396,EURBRL=X,5.2027997970581055
2022-08-14 23:25:03.278396,EUR=X,0.975600004196167
2022-08-14 23:25:06.459101,BTC-USD,24741.46484375
2022-08-14 23:25:06.459101,ETH-USD,1976.650146484375
2022-08-14 23:25:06.459101,DOGE-USD,0.08012450486421585
2022-08-14 23:25:06.459101,SHIB-USD,1.7025591660058126e-05
2022-08-14 23:25:06.459101,BRL=X,5.071300029754639
2022-08-14 23:25:06.459101,EURBRL=X,5.2027997970581055
2022-08-14 23:25:06.459101,EUR=X,0.975600004196167
2022-08-14 23:25:08.802519,BTC-USD,24741.46484375
2022-08-14 23:25:08.802519,ETH-USD,1976.650146484375
2022-08-14 23:25:08.802519,DOGE-USD,0.08012450486421585
2022-08-14 23:25:08.802519,SHIB-USD,1.7025591660058126e-05
2022-08-14 23:25:08.802519,BRL=X,5.071300029754639
2022-08-14 23:25:08.802519,EURBRL=X,5.2027997970581055
2022-08-14 23:25:08.802519,EUR=X,0.975600004196167
2022-08-14 23:25:11.722763,BTC-USD,24741.46484375
2022-08-14 23:25:11.722763,ETH-USD,1976.650146484375
2022-08-14 23:25:11.722763,DOGE-USD,0.08012450486421585
2022-08-14 23:25:11.722763,SHIB-USD,1.7025591660058126e-05
2022-08-14 23:25:11.722763,BRL=X,5.071300029754639
2022-08-14 23:25:11.722763,EURBRL=X,5.2027997970581055
2022-08-14 23:25:11.722763,EUR=X,0.975600004196167
2022-08-14 23:25:14.881701,BTC-USD,24741.46484375
2022-08-14 23:25:14.881701,ETH-USD,1976.650146484375
2022-08-14 23:25:14.881701,DOGE-USD,0.08012450486421585
2022-08-14 23:25:14.881701,SHIB-USD,1.7025591660058126e-05
2022-08-14 23:25:14.881701,BRL=X,5.071300029754639
2022-08-14 23:25:14.881701,EURBRL=X,5.2027997970581055
2022-08-14 23:25:14.881701,EUR=X,0.975600004196167
2022-08-14 23:25:17.525923,BTC-USD,24741.46484375
2022-08-14 23:25:17.525923,ETH-USD,1976.650146484375
2022-08-14 23:25:17.525923,DOGE-USD,0.08012450486421585
2022-08-14 23:25:17.525923,SHIB-USD,1.7025591660058126e-05
2022-08-14 23:25:17.525923,BRL=X,5.071300029754639
2022-08-14 23:25:17.525923,EURBRL=X,5.2027997970581055
2022-08-14 23:25:17.525923,EUR=X,0.975600004196167
2022-08-14 23:25:19.789973,BTC-USD,24741.46484375
2022-08-14 23:25:19.789973,ETH-USD,1976.650146484375
2022-08-14 23:25:19.789973,DOGE-USD,0.08012450486421585
2022-08-14 23:25:19.789973,SHIB-USD,1.7025591660058126e-05
2022-08-14 23:25:19.789973,BRL=X,5.071300029754639
2022-08-14 23:25:19.789973,EURBRL=X,5.2027997970581055
2022-08-14 23:25:19.789973,EUR=X,0.975600004196167
2022-08-14 23:25:22.810215,BTC-USD,24741.46484375
2022-08-14 23:25:22.810215,ETH-USD,1976.650146484375
2022-08-14 23:25:22.810215,DOGE-USD,0.08012450486421585
2022-08-14 23:25:22.810215,SHIB-USD,1.7025591660058126e-05
2022-08-14 23:25:22.810215,BRL=X,5.071300029754639
2022-08-14 23:25:22.810215,EURBRL=X,5.2027997970581055
2022-08-14 23:25:22.810215,EUR=X,0.975600004196167
2022-08-14 23:25:25.638135,BTC-USD,24741.46484375
2022-08-14 23:25:25.638135,ETH-USD,1976.650146484375
2022-08-14 23:25:25.638135,DOGE-USD,0.08012450486421585
2022-08-14 23:25:25.638135,SHIB-USD,1.7025591660058126e-05
2022-08-14 23:25:25.638135,BRL=X,5.071300029754639
2022-08-14 23:25:25.638135,EURBRL=X,5.2027997970581055
2022-08-14 23:25:25.638135,EUR=X,0.975600004196167
2022-08-14 23:25:27.981375,BTC-USD,24741.46484375
2022-08-14 23:25:27.981375,ETH-USD,1976.650146484375
2022-08-14 23:25:27.981375,DOGE-USD,0.08012450486421585
2022-08-14 23:25:27.981375,SHIB-USD,1.7025591660058126e-05
2022-08-14 23:25:27.981375,BRL=X,5.071300029754639
2022-08-14 23:25:27.981375,EURBRL=X,5.2027997970581055
2022-08-14 23:25:27.981375,EUR=X,0.9754999876022339
2022-08-14 23:25:30.811013,BTC-USD,24741.46484375
2022-08-14 23:25:30.811013,ETH-USD,1976.650146484375
2022-08-14 23:25:30.811013,DOGE-USD,0.08012450486421585
2022-08-14 23:25:30.811013,SHIB-USD,1.7025591660058126e-05
2022-08-14 23:25:30.811013,BRL=X,5.071300029754639
2022-08-14 23:25:30.811013,EURBRL=X,5.2027997970581055
2022-08-14 23:25:30.811013,EUR=X,0.9754999876022339
2022-08-14 23:25:33.346047,BTC-USD,24741.46484375
2022-08-14 23:25:33.346047,ETH-USD,1976.650146484375
2022-08-14 23:25:33.346047,DOGE-USD,0.08012450486421585
2022-08-14 23:25:33.346047,SHIB-USD,1.7025591660058126e-05
2022-08-14 23:25:33.346047,BRL=X,5.071300029754639
2022-08-14 23:25:33.346047,EURBRL=X,5.2027997970581055
2022-08-14 23:25:33.346047,EUR=X,0.9754999876022339
2022-08-14 23:25:36.298048,BTC-USD,24741.46484375
2022-08-14 23:25:36.298048,ETH-USD,1976.650146484375
2022-08-14 23:25:36.298048,DOGE-USD,0.08012450486421585
2022-08-14 23:25:36.298048,SHIB-USD,1.7025591660058126e-05
2022-08-14 23:25:36.298048,BRL=X,5.071300029754639
2022-08-14 23:25:36.298048,EURBRL=X,5.2027997970581055
2022-08-14 23:25:36.298048,EUR=X,0.9754999876022339
2022-08-14 23:25:38.641650,BTC-USD,24741.46484375
2022-08-14 23:25:38.641650,ETH-USD,1976.650146484375
2022-08-14 23:25:38.641650,DOGE-USD,0.08012450486421585
2022-08-14 23:25:38.641650,SHIB-USD,1.7025591660058126e-05
2022-08-14 23:25:38.641650,BRL=X,5.071300029754639
2022-08-14 23:25:38.641650,EURBRL=X,5.2027997970581055
2022-08-14 23:25:38.641650,EUR=X,0.9754999876022339
2022-08-14 23:25:41.910631,BTC-USD,24741.46484375
2022-08-14 23:25:41.910631,ETH-USD,1976.650146484375
2022-08-14 23:25:41.910631,DOGE-USD,0.08012450486421585
2022-08-14 23:25:41.910631,SHIB-USD,1.7025591660058126e-05
2022-08-14 23:25:41.910631,BRL=X,5.071300029754639
2022-08-14 23:25:41.910631,EURBRL=X,5.2027997970581055
2022-08-14 23:25:41.910631,EUR=X,0.9754999876022339
2022-08-14 23:25:45.318295,BTC-USD,24741.46484375
2022-08-14 23:25:45.318295,ETH-USD,1976.650146484375
2022-08-14 23:25:45.318295,DOGE-USD,0.08012450486421585
2022-08-14 23:25:45.318295,SHIB-USD,1.7025591660058126e-05
2022-08-14 23:25:45.318295,BRL=X,5.071300029754639
2022-08-14 23:25:45.318295,EURBRL=X,5.2027997970581055
2022-08-14 23:25:45.318295,EUR=X,0.9754999876022339
2022-08-14 23:25:48.014442,BTC-USD,24741.46484375
2022-08-14 23:25:48.014442,ETH-USD,1976.650146484375
2022-08-14 23:25:48.014442,DOGE-USD,0.08012450486421585
2022-08-14 23:25:48.014442,SHIB-USD,1.7025591660058126e-05
2022-08-14 23:25:48.014442,BRL=X,5.071300029754639
2022-08-14 23:25:48.014442,EURBRL=X,5.2027997970581055
2022-08-14 23:25:48.014442,EUR=X,0.9754999876022339
2022-08-14 23:25:51.309652,BTC-USD,24743.900390625
2022-08-14 23:25:51.309652,ETH-USD,1976.8114013671875
2022-08-14 23:25:51.309652,DOGE-USD,0.0801352858543396
2022-08-14 23:25:51.309652,SHIB-USD,1.7025591660058126e-05
2022-08-14 23:25:51.309652,BRL=X,5.071300029754639
2022-08-14 23:25:51.309652,EURBRL=X,5.2027997970581055
2022-08-14 23:25:51.309652,EUR=X,0.9754999876022339
2022-08-14 23:25:54.334598,BTC-USD,24743.900390625
2022-08-14 23:25:54.334598,ETH-USD,1976.650146484375
2022-08-14 23:25:54.334598,DOGE-USD,0.0801352858543396
2022-08-14 23:25:54.334598,SHIB-USD,1.703491943771951e-05
2022-08-14 23:25:54.334598,BRL=X,5.071300029754639
2022-08-14 23:25:54.334598,EURBRL=X,5.2027997970581055
2022-08-14 23:25:54.334598,EUR=X,0.9754999876022339
2022-08-14 23:25:57.234033,BTC-USD,24743.900390625
2022-08-14 23:25:57.234033,ETH-USD,1976.8114013671875
2022-08-14 23:25:57.234033,DOGE-USD,0.08012450486421585
2022-08-14 23:25:57.234033,SHIB-USD,1.703491943771951e-05
2022-08-14 23:25:57.234033,BRL=X,5.071300029754639
2022-08-14 23:25:57.234033,EURBRL=X,5.2027997970581055
2022-08-14 23:25:57.234033,EUR=X,0.9754999876022339
2022-08-14 23:26:00.739195,BTC-USD,24743.900390625
2022-08-14 23:26:00.739195,ETH-USD,1976.8114013671875
2022-08-14 23:26:00.739195,DOGE-USD,0.0801352858543396
2022-08-14 23:26:00.739195,SHIB-USD,1.703491943771951e-05
2022-08-14 23:26:00.739195,BRL=X,5.071300029754639
2022-08-14 23:26:00.739195,EURBRL=X,5.2027997970581055
2022-08-14 23:26:00.739195,EUR=X,0.9754999876022339
2022-08-14 23:26:03.452215,BTC-USD,24743.900390625
2022-08-14 23:26:03.452215,ETH-USD,1976.8114013671875
2022-08-14 23:26:03.452215,DOGE-USD,0.0801352858543396
2022-08-14 23:26:03.452215,SHIB-USD,1.703491943771951e-05
2022-08-14 23:26:03.452215,BRL=X,5.071300029754639
2022-08-14 23:26:03.452215,EURBRL=X,5.2027997970581055
2022-08-14 23:26:03.452215,EUR=X,0.9754999876022339
2022-08-14 23:26:06.874382,BTC-USD,24743.900390625
2022-08-14 23:26:06.874382,ETH-USD,1976.8114013671875
2022-08-14 23:26:06.874382,DOGE-USD,0.0801352858543396
2022-08-14 23:26:06.874382,SHIB-USD,1.703491943771951e-05
2022-08-14 23:26:06.874382,BRL=X,5.071300029754639
2022-08-14 23:26:06.874382,EURBRL=X,5.2027997970581055
2022-08-14 23:26:06.874382,EUR=X,0.9754999876022339
2022-08-14 23:26:09.401179,BTC-USD,24743.900390625
2022-08-14 23:26:09.401179,ETH-USD,1976.8114013671875
2022-08-14 23:26:09.401179,DOGE-USD,0.0801352858543396
2022-08-14 23:26:09.401179,SHIB-USD,1.703491943771951e-05
2022-08-14 23:26:09.401179,BRL=X,5.071300029754639
2022-08-14 23:26:09.401179,EURBRL=X,5.2027997970581055
2022-08-14 23:26:09.401179,EUR=X,0.9754999876022339
2022-08-14 23:26:12.890348,BTC-USD,24743.900390625
2022-08-14 23:26:12.890348,ETH-USD,1976.8114013671875
2022-08-14 23:26:12.890348,DOGE-USD,0.0801352858543396
2022-08-14 23:26:12.890348,SHIB-USD,1.703491943771951e-05
2022-08-14 23:26:12.890348,BRL=X,5.071300029754639
2022-08-14 23:26:12.890348,EURBRL=X,5.2027997970581055
2022-08-14 23:26:12.890348,EUR=X,0.9754999876022339
2022-08-14 23:26:15.393316,BTC-USD,24743.900390625
2022-08-14 23:26:15.393316,ETH-USD,1976.8114013671875
2022-08-14 23:26:15.393316,DOGE-USD,0.0801352858543396
2022-08-14 23:26:15.393316,SHIB-USD,1.703491943771951e-05
2022-08-14 23:26:15.393316,BRL=X,5.071300029754639
2022-08-14 23:26:15.393316,EURBRL=X,5.2027997970581055
2022-08-14 23:26:15.393316,EUR=X,0.9754999876022339
2022-08-14 23:26:18.070375,BTC-USD,24743.900390625
2022-08-14 23:26:18.070375,ETH-USD,1976.8114013671875
2022-08-14 23:26:18.070375,DOGE-USD,0.0801352858543396
2022-08-14 23:26:18.070375,SHIB-USD,1.703491943771951e-05
2022-08-14 23:26:18.070375,BRL=X,5.071300029754639
2022-08-14 23:26:18.070375,EURBRL=X,5.2027997970581055
2022-08-14 23:26:18.070375,EUR=X,0.9754999876022339
2022-08-14 23:26:21.564024,BTC-USD,24743.900390625
2022-08-14 23:26:21.564024,ETH-USD,1976.8114013671875
2022-08-14 23:26:21.564024,DOGE-USD,0.0801352858543396
2022-08-14 23:26:21.564024,SHIB-USD,1.703491943771951e-05
2022-08-14 23:26:21.564024,BRL=X,5.071300029754639
2022-08-14 23:26:21.564024,EURBRL=X,5.2027997970581055
2022-08-14 23:26:21.564024,EUR=X,0.9754999876022339
2022-08-14 23:26:24.426452,BTC-USD,24743.900390625
2022-08-14 23:26:24.426452,ETH-USD,1976.8114013671875
2022-08-14 23:26:24.426452,DOGE-USD,0.0801352858543396
2022-08-14 23:26:24.426452,SHIB-USD,1.703491943771951e-05
2022-08-14 23:26:24.426452,BRL=X,5.071300029754639
2022-08-14 23:26:24.426452,EURBRL=X,5.2027997970581055
2022-08-14 23:26:24.426452,EUR=X,0.9754999876022339
2022-08-14 23:26:27.553308,BTC-USD,24743.900390625
2022-08-14 23:26:27.553308,ETH-USD,1976.8114013671875
2022-08-14 23:26:27.553308,DOGE-USD,0.0801352858543396
2022-08-14 23:26:27.553308,SHIB-USD,1.703491943771951e-05
2022-08-14 23:26:27.553308,BRL=X,5.071300029754639
2022-08-14 23:26:27.553308,EURBRL=X,5.2027997970581055
2022-08-14 23:26:27.553308,EUR=X,0.9754999876022339
2022-08-14 23:26:30.530309,BTC-USD,24743.900390625
2022-08-14 23:26:30.530309,ETH-USD,1976.8114013671875
2022-08-14 23:26:30.530309,DOGE-USD,0.0801352858543396
2022-08-14 23:26:30.530309,SHIB-USD,1.703491943771951e-05
2022-08-14 23:26:30.530309,BRL=X,5.071300029754639
2022-08-14 23:26:30.530309,EURBRL=X,5.2027997970581055
2022-08-14 23:26:30.530309,EUR=X,0.9754999876022339
2022-08-14 23:26:33.318245,BTC-USD,24743.900390625
2022-08-14 23:26:33.318245,ETH-USD,1976.8114013671875
2022-08-14 23:26:33.318245,DOGE-USD,0.0801352858543396
2022-08-14 23:26:33.318245,SHIB-USD,1.703491943771951e-05
2022-08-14 23:26:33.318245,BRL=X,5.071300029754639
2022-08-14 23:26:33.318245,EURBRL=X,5.2027997970581055
2022-08-14 23:26:33.318245,EUR=X,0.9754999876022339
2022-08-14 23:26:36.482923,BTC-USD,24743.900390625
2022-08-14 23:26:36.482923,ETH-USD,1976.8114013671875
2022-08-14 23:26:36.482923,DOGE-USD,0.0801352858543396
2022-08-14 23:26:36.482923,SHIB-USD,1.703491943771951e-05
2022-08-14 23:26:36.482923,BRL=X,5.071300029754639
2022-08-14 23:26:36.482923,EURBRL=X,5.2027997970581055
2022-08-14 23:26:36.482923,EUR=X,0.9754999876022339
2022-08-14 23:26:39.021481,BTC-USD,24743.900390625
2022-08-14 23:26:39.021481,ETH-USD,1976.8114013671875
2022-08-14 23:26:39.021481,DOGE-USD,0.0801352858543396
2022-08-14 23:26:39.021481,SHIB-USD,1.703491943771951e-05
2022-08-14 23:26:39.021481,BRL=X,5.071300029754639
2022-08-14 23:26:39.021481,EURBRL=X,5.2027997970581055
2022-08-14 23:26:39.021481,EUR=X,0.9754999876022339
2022-08-14 23:26:41.938102,BTC-USD,24743.900390625
2022-08-14 23:26:41.938102,ETH-USD,1976.8114013671875
2022-08-14 23:26:41.938102,DOGE-USD,0.0801352858543396
2022-08-14 23:26:41.938102,SHIB-USD,1.703491943771951e-05
2022-08-14 23:26:41.938102,BRL=X,5.071300029754639
2022-08-14 23:26:41.938102,EURBRL=X,5.2027997970581055
2022-08-14 23:26:41.938102,EUR=X,0.9754999876022339
2022-08-14 23:26:44.995588,BTC-USD,24743.900390625
2022-08-14 23:26:44.995588,ETH-USD,1976.8114013671875
2022-08-14 23:26:44.995588,DOGE-USD,0.0801352858543396
2022-08-14 23:26:44.995588,SHIB-USD,1.703491943771951e-05
2022-08-14 23:26:44.995588,BRL=X,5.071300029754639
2022-08-14 23:26:44.995588,EURBRL=X,5.2027997970581055
2022-08-14 23:26:44.995588,EUR=X,0.9754999876022339
2022-08-14 23:26:48.015846,BTC-USD,24743.900390625
2022-08-14 23:26:48.015846,ETH-USD,1976.8114013671875
2022-08-14 23:26:48.015846,DOGE-USD,0.0801352858543396
2022-08-14 23:26:48.015846,SHIB-USD,1.703491943771951e-05
2022-08-14 23:26:48.015846,BRL=X,5.071300029754639
2022-08-14 23:26:48.015846,EURBRL=X,5.2027997970581055
2022-08-14 23:26:48.015846,EUR=X,0.9754999876022339
2022-08-14 23:26:50.979940,BTC-USD,24743.900390625
2022-08-14 23:26:50.979940,ETH-USD,1976.8114013671875
2022-08-14 23:26:50.979940,DOGE-USD,0.0801352858543396
2022-08-14 23:26:50.979940,SHIB-USD,1.7068954548449256e-05
2022-08-14 23:26:50.979940,BRL=X,5.071300029754639
2022-08-14 23:26:50.979940,EURBRL=X,5.2027997970581055
2022-08-14 23:26:50.979940,EUR=X,0.9754999876022339
2022-08-14 23:26:53.454334,BTC-USD,24762.130859375
2022-08-14 23:26:53.454334,ETH-USD,1978.62158203125
2022-08-14 23:26:53.454334,DOGE-USD,0.0801352858543396
2022-08-14 23:26:53.454334,SHIB-USD,1.7068954548449256e-05
2022-08-14 23:26:53.454334,BRL=X,5.071300029754639
2022-08-14 23:26:53.454334,EURBRL=X,5.2027997970581055
2022-08-14 23:26:53.454334,EUR=X,0.9754999876022339
2022-08-14 23:26:56.026040,BTC-USD,24762.130859375
2022-08-14 23:26:56.026040,ETH-USD,1978.62158203125
2022-08-14 23:26:56.026040,DOGE-USD,0.0801352858543396
2022-08-14 23:26:56.026040,SHIB-USD,1.7068954548449256e-05
2022-08-14 23:26:56.026040,BRL=X,5.071300029754639
2022-08-14 23:26:56.026040,EURBRL=X,5.2027997970581055
2022-08-14 23:26:56.026040,EUR=X,0.9754999876022339
2022-08-14 23:26:58.907646,BTC-USD,24762.130859375
2022-08-14 23:26:58.907646,ETH-USD,1978.62158203125
2022-08-14 23:26:58.907646,DOGE-USD,0.08018915355205536
2022-08-14 23:26:58.907646,SHIB-USD,1.7068954548449256e-05
2022-08-14 23:26:58.907646,BRL=X,5.071300029754639
2022-08-14 23:26:58.907646,EURBRL=X,5.2027997970581055
2022-08-14 23:26:58.907646,EUR=X,0.9754999876022339
2022-08-14 23:27:02.484041,BTC-USD,24762.130859375
2022-08-14 23:27:02.484041,ETH-USD,1978.62158203125
2022-08-14 23:27:02.484041,DOGE-USD,0.08018915355205536
2022-08-14 23:27:02.484041,SHIB-USD,1.7068954548449256e-05
2022-08-14 23:27:02.484041,BRL=X,5.071300029754639
2022-08-14 23:27:02.484041,EURBRL=X,5.2027997970581055
2022-08-14 23:27:02.484041,EUR=X,0.9754999876022339
2022-08-14 23:27:05.039348,BTC-USD,24762.130859375
2022-08-14 23:27:05.039348,ETH-USD,1978.62158203125
2022-08-14 23:27:05.039348,DOGE-USD,0.08018915355205536
2022-08-14 23:27:05.039348,SHIB-USD,1.7068954548449256e-05
2022-08-14 23:27:05.039348,BRL=X,5.071300029754639
2022-08-14 23:27:05.039348,EURBRL=X,5.2027997970581055
2022-08-14 23:27:05.039348,EUR=X,0.9754999876022339
2022-08-14 23:27:07.508483,BTC-USD,24762.130859375
2022-08-14 23:27:07.508483,ETH-USD,1978.62158203125
2022-08-14 23:27:07.508483,DOGE-USD,0.08018915355205536
2022-08-14 23:27:07.508483,SHIB-USD,1.7068954548449256e-05
2022-08-14 23:27:07.508483,BRL=X,5.071300029754639
2022-08-14 23:27:07.508483,EURBRL=X,5.2027997970581055
2022-08-14 23:27:07.508483,EUR=X,0.9754999876022339
2022-08-14 23:27:09.326696,BTC-USD,24762.130859375
2022-08-14 23:27:09.326696,ETH-USD,1978.62158203125
2022-08-14 23:27:09.326696,DOGE-USD,0.08018915355205536
2022-08-14 23:27:09.326696,SHIB-USD,1.7068954548449256e-05
2022-08-14 23:27:09.326696,BRL=X,5.071300029754639
2022-08-14 23:27:09.326696,EURBRL=X,5.2027997970581055
2022-08-14 23:27:09.326696,EUR=X,0.9754999876022339
2022-08-14 23:27:12.192560,BTC-USD,24762.130859375
2022-08-14 23:27:12.192560,ETH-USD,1978.62158203125
2022-08-14 23:27:12.192560,DOGE-USD,0.08018915355205536
2022-08-14 23:27:12.192560,SHIB-USD,1.7068954548449256e-05
2022-08-14 23:27:12.192560,BRL=X,5.071300029754639
2022-08-14 23:27:12.192560,EURBRL=X,5.2027997970581055
2022-08-14 23:27:12.192560,EUR=X,0.9754999876022339
2022-08-14 23:27:15.533524,BTC-USD,24762.130859375
2022-08-14 23:27:15.533524,ETH-USD,1978.62158203125
2022-08-14 23:27:15.533524,DOGE-USD,0.08018915355205536
2022-08-14 23:27:15.533524,SHIB-USD,1.7068954548449256e-05
2022-08-14 23:27:15.533524,BRL=X,5.071300029754639
2022-08-14 23:27:15.533524,EURBRL=X,5.2027997970581055
2022-08-14 23:27:15.533524,EUR=X,0.9754999876022339
2022-08-14 23:27:18.658598,BTC-USD,24762.130859375
2022-08-14 23:27:18.658598,ETH-USD,1978.62158203125
2022-08-14 23:27:18.658598,DOGE-USD,0.08018915355205536
2022-08-14 23:27:18.658598,SHIB-USD,1.7068954548449256e-05
2022-08-14 23:27:18.658598,BRL=X,5.071300029754639
2022-08-14 23:27:18.658598,EURBRL=X,5.2027997970581055
2022-08-14 23:27:18.658598,EUR=X,0.9757999777793884
2022-08-14 23:27:21.830480,BTC-USD,24762.130859375
2022-08-14 23:27:21.830480,ETH-USD,1978.62158203125
2022-08-14 23:27:21.830480,DOGE-USD,0.08018915355205536
2022-08-14 23:27:21.830480,SHIB-USD,1.7068954548449256e-05
2022-08-14 23:27:21.830480,BRL=X,5.071300029754639
2022-08-14 23:27:21.830480,EURBRL=X,5.2027997970581055
2022-08-14 23:27:21.830480,EUR=X,0.9757999777793884
2022-08-14 23:27:24.302259,BTC-USD,24762.130859375
2022-08-14 23:27:24.302259,ETH-USD,1978.62158203125
2022-08-14 23:27:24.302259,DOGE-USD,0.08018915355205536
2022-08-14 23:27:24.302259,SHIB-USD,1.7068954548449256e-05
2022-08-14 23:27:24.302259,BRL=X,5.071300029754639
2022-08-14 23:27:24.302259,EURBRL=X,5.2027997970581055
2022-08-14 23:27:24.302259,EUR=X,0.9757999777793884
2022-08-14 23:27:26.574052,BTC-USD,24762.130859375
2022-08-14 23:27:26.574052,ETH-USD,1978.62158203125
2022-08-14 23:27:26.574052,DOGE-USD,0.08018915355205536
2022-08-14 23:27:26.574052,SHIB-USD,1.7068954548449256e-05
2022-08-14 23:27:26.574052,BRL=X,5.071300029754639
2022-08-14 23:27:26.574052,EURBRL=X,5.2027997970581055
2022-08-14 23:27:26.574052,EUR=X,0.9757999777793884
2022-08-14 23:27:29.269757,BTC-USD,24762.130859375
2022-08-14 23:27:29.269757,ETH-USD,1978.62158203125
2022-08-14 23:27:29.269757,DOGE-USD,0.08018915355205536
2022-08-14 23:27:29.269757,SHIB-USD,1.7068954548449256e-05
2022-08-14 23:27:29.269757,BRL=X,5.071300029754639
2022-08-14 23:27:29.269757,EURBRL=X,5.2027997970581055
2022-08-14 23:27:29.269757,EUR=X,0.9757999777793884
2022-08-14 23:27:32.225918,BTC-USD,24762.130859375
2022-08-14 23:27:32.225918,ETH-USD,1978.62158203125
2022-08-14 23:27:32.225918,DOGE-USD,0.08018915355205536
2022-08-14 23:27:32.225918,SHIB-USD,1.7068954548449256e-05
2022-08-14 23:27:32.225918,BRL=X,5.071300029754639
2022-08-14 23:27:32.225918,EURBRL=X,5.2027997970581055
2022-08-14 23:27:32.225918,EUR=X,0.9757999777793884
2022-08-14 23:27:35.369632,BTC-USD,24762.130859375
2022-08-14 23:27:35.369632,ETH-USD,1978.62158203125
2022-08-14 23:27:35.369632,DOGE-USD,0.08018915355205536
2022-08-14 23:27:35.369632,SHIB-USD,1.7068954548449256e-05
2022-08-14 23:27:35.369632,BRL=X,5.071300029754639
2022-08-14 23:27:35.369632,EURBRL=X,5.2027997970581055
2022-08-14 23:27:35.369632,EUR=X,0.9757999777793884
2022-08-14 23:27:37.779762,BTC-USD,24762.130859375
2022-08-14 23:27:37.779762,ETH-USD,1978.62158203125
2022-08-14 23:27:37.779762,DOGE-USD,0.08018915355205536
2022-08-14 23:27:37.779762,SHIB-USD,1.7068954548449256e-05
2022-08-14 23:27:37.779762,BRL=X,5.071300029754639
2022-08-14 23:27:37.779762,EURBRL=X,5.2027997970581055
2022-08-14 23:27:37.779762,EUR=X,0.9757999777793884
2022-08-14 23:27:40.447170,BTC-USD,24762.130859375
2022-08-14 23:27:40.447170,ETH-USD,1978.62158203125
2022-08-14 23:27:40.447170,DOGE-USD,0.08018915355205536
2022-08-14 23:27:40.447170,SHIB-USD,1.7068954548449256e-05
2022-08-14 23:27:40.447170,BRL=X,5.071300029754639
2022-08-14 23:27:40.447170,EURBRL=X,5.2027997970581055
2022-08-14 23:27:40.447170,EUR=X,0.9757999777793884
2022-08-14 23:27:43.244985,BTC-USD,24762.130859375
2022-08-14 23:27:43.244985,ETH-USD,1978.62158203125
2022-08-14 23:27:43.244985,DOGE-USD,0.08018915355205536
2022-08-14 23:27:43.244985,SHIB-USD,1.7068954548449256e-05
2022-08-14 23:27:43.244985,BRL=X,5.071300029754639
2022-08-14 23:27:43.244985,EURBRL=X,5.2027997970581055
2022-08-14 23:27:43.244985,EUR=X,0.9757999777793884
2022-08-14 23:27:46.378670,BTC-USD,24762.130859375
2022-08-14 23:27:46.378670,ETH-USD,1978.62158203125
2022-08-14 23:27:46.378670,DOGE-USD,0.08018915355205536
2022-08-14 23:27:46.378670,SHIB-USD,1.7068954548449256e-05
2022-08-14 23:27:46.378670,BRL=X,5.071300029754639
2022-08-14 23:27:46.378670,EURBRL=X,5.2027997970581055
2022-08-14 23:27:46.378670,EUR=X,0.9757999777793884
2022-08-14 23:27:49.776393,BTC-USD,24762.130859375
2022-08-14 23:27:49.776393,ETH-USD,1978.62158203125
2022-08-14 23:27:49.776393,DOGE-USD,0.08018915355205536
2022-08-14 23:27:49.776393,SHIB-USD,1.7068954548449256e-05
2022-08-14 23:27:49.776393,BRL=X,5.071300029754639
2022-08-14 23:27:49.776393,EURBRL=X,5.2027997970581055
2022-08-14 23:27:49.776393,EUR=X,0.9757999777793884
2022-08-14 23:27:52.196845,BTC-USD,24762.130859375
2022-08-14 23:27:52.196845,ETH-USD,1979.4007568359375
2022-08-14 23:27:52.196845,DOGE-USD,0.08020909875631332
2022-08-14 23:27:52.196845,SHIB-USD,1.7066815416910686e-05
2022-08-14 23:27:52.196845,BRL=X,5.071300029754639
2022-08-14 23:27:52.196845,EURBRL=X,5.2027997970581055
2022-08-14 23:27:52.196845,EUR=X,0.9757999777793884
2022-08-14 23:27:54.610863,BTC-USD,24762.130859375
2022-08-14 23:27:54.610863,ETH-USD,1979.4007568359375
2022-08-14 23:27:54.610863,DOGE-USD,0.08020909875631332
2022-08-14 23:27:54.610863,SHIB-USD,1.7068954548449256e-05
2022-08-14 23:27:54.610863,BRL=X,5.071300029754639
2022-08-14 23:27:54.610863,EURBRL=X,5.2027997970581055
2022-08-14 23:27:54.610863,EUR=X,0.9757999777793884
2022-08-14 23:27:57.409197,BTC-USD,24764.6484375
2022-08-14 23:27:57.409197,ETH-USD,1979.4007568359375
2022-08-14 23:27:57.409197,DOGE-USD,0.08020909875631332
2022-08-14 23:27:57.409197,SHIB-USD,1.7066815416910686e-05
2022-08-14 23:27:57.409197,BRL=X,5.071300029754639
2022-08-14 23:27:57.409197,EURBRL=X,5.2027997970581055
2022-08-14 23:27:57.409197,EUR=X,0.9757999777793884
2022-08-14 23:28:00.530215,BTC-USD,24764.6484375
2022-08-14 23:28:00.530215,ETH-USD,1979.4007568359375
2022-08-14 23:28:00.530215,DOGE-USD,0.08020909875631332
2022-08-14 23:28:00.530215,SHIB-USD,1.7066815416910686e-05
2022-08-14 23:28:00.530215,BRL=X,5.071300029754639
2022-08-14 23:28:00.530215,EURBRL=X,5.2027997970581055
2022-08-14 23:28:00.530215,EUR=X,0.9757999777793884
2022-08-14 23:28:03.350976,BTC-USD,24764.6484375
2022-08-14 23:28:03.350976,ETH-USD,1979.4007568359375
2022-08-14 23:28:03.350976,DOGE-USD,0.08020909875631332
2022-08-14 23:28:03.350976,SHIB-USD,1.7066815416910686e-05
2022-08-14 23:28:03.350976,BRL=X,5.071300029754639
2022-08-14 23:28:03.350976,EURBRL=X,5.2027997970581055
2022-08-14 23:28:03.350976,EUR=X,0.9757999777793884
2022-08-14 23:28:06.334031,BTC-USD,24764.6484375
2022-08-14 23:28:06.334031,ETH-USD,1979.4007568359375
2022-08-14 23:28:06.334031,DOGE-USD,0.08020909875631332
2022-08-14 23:28:06.334031,SHIB-USD,1.7066815416910686e-05
2022-08-14 23:28:06.334031,BRL=X,5.071300029754639
2022-08-14 23:28:06.334031,EURBRL=X,5.2027997970581055
2022-08-14 23:28:06.334031,EUR=X,0.9757999777793884
2022-08-14 23:28:08.599701,BTC-USD,24764.6484375
2022-08-14 23:28:08.599701,ETH-USD,1979.4007568359375
2022-08-14 23:28:08.599701,DOGE-USD,0.08020909875631332
2022-08-14 23:28:08.599701,SHIB-USD,1.7066815416910686e-05
2022-08-14 23:28:08.599701,BRL=X,5.071300029754639
2022-08-14 23:28:08.599701,EURBRL=X,5.2027997970581055
2022-08-14 23:28:08.599701,EUR=X,0.9757999777793884
2022-08-14 23:28:11.634832,BTC-USD,24764.6484375
2022-08-14 23:28:11.634832,ETH-USD,1979.4007568359375
2022-08-14 23:28:11.634832,DOGE-USD,0.08020909875631332
2022-08-14 23:28:11.634832,SHIB-USD,1.7066815416910686e-05
2022-08-14 23:28:11.634832,BRL=X,5.071300029754639
2022-08-14 23:28:11.634832,EURBRL=X,5.2027997970581055
2022-08-14 23:28:11.634832,EUR=X,0.9757999777793884
2022-08-14 23:28:14.934806,BTC-USD,24764.6484375
2022-08-14 23:28:14.934806,ETH-USD,1979.4007568359375
2022-08-14 23:28:14.934806,DOGE-USD,0.08020909875631332
2022-08-14 23:28:14.934806,SHIB-USD,1.7066815416910686e-05
2022-08-14 23:28:14.934806,BRL=X,5.071300029754639
2022-08-14 23:28:14.934806,EURBRL=X,5.2027997970581055
2022-08-14 23:28:14.934806,EUR=X,0.9757999777793884
2022-08-14 23:28:17.461611,BTC-USD,24764.6484375
2022-08-14 23:28:17.461611,ETH-USD,1979.4007568359375
2022-08-14 23:28:17.461611,DOGE-USD,0.08020909875631332
2022-08-14 23:28:17.461611,SHIB-USD,1.7066815416910686e-05
2022-08-14 23:28:17.461611,BRL=X,5.071300029754639
2022-08-14 23:28:17.461611,EURBRL=X,5.2027997970581055
2022-08-14 23:28:17.461611,EUR=X,0.9757999777793884
2022-08-14 23:28:20.090478,BTC-USD,24764.6484375
2022-08-14 23:28:20.090478,ETH-USD,1979.4007568359375
2022-08-14 23:28:20.090478,DOGE-USD,0.08020909875631332
2022-08-14 23:28:20.090478,SHIB-USD,1.7066815416910686e-05
2022-08-14 23:28:20.090478,BRL=X,5.071300029754639
2022-08-14 23:28:20.090478,EURBRL=X,5.2027997970581055
2022-08-14 23:28:20.090478,EUR=X,0.9757999777793884
2022-08-14 23:28:22.158846,BTC-USD,24764.6484375
2022-08-14 23:28:22.158846,ETH-USD,1979.4007568359375
2022-08-14 23:28:22.158846,DOGE-USD,0.08020909875631332
2022-08-14 23:28:22.158846,SHIB-USD,1.7066815416910686e-05
2022-08-14 23:28:22.158846,BRL=X,5.071300029754639
2022-08-14 23:28:22.158846,EURBRL=X,5.2027997970581055
2022-08-14 23:28:22.158846,EUR=X,0.975600004196167
2022-08-14 23:28:24.543401,BTC-USD,24764.6484375
2022-08-14 23:28:24.543401,ETH-USD,1979.4007568359375
2022-08-14 23:28:24.543401,DOGE-USD,0.08020909875631332
2022-08-14 23:28:24.543401,SHIB-USD,1.7066815416910686e-05
2022-08-14 23:28:24.543401,BRL=X,5.071300029754639
2022-08-14 23:28:24.543401,EURBRL=X,5.2027997970581055
2022-08-14 23:28:24.543401,EUR=X,0.975600004196167
2022-08-14 23:28:26.797656,BTC-USD,24764.6484375
2022-08-14 23:28:26.797656,ETH-USD,1979.4007568359375
2022-08-14 23:28:26.797656,DOGE-USD,0.08020909875631332
2022-08-14 23:28:26.797656,SHIB-USD,1.7066815416910686e-05
2022-08-14 23:28:26.797656,BRL=X,5.071300029754639
2022-08-14 23:28:26.797656,EURBRL=X,5.2027997970581055
2022-08-14 23:28:26.797656,EUR=X,0.975600004196167
2022-08-14 23:28:29.695491,BTC-USD,24764.6484375
2022-08-14 23:28:29.695491,ETH-USD,1979.4007568359375
2022-08-14 23:28:29.695491,DOGE-USD,0.08020909875631332
2022-08-14 23:28:29.695491,SHIB-USD,1.7066815416910686e-05
2022-08-14 23:28:29.695491,BRL=X,5.071300029754639
2022-08-14 23:28:29.695491,EURBRL=X,5.2027997970581055
2022-08-14 23:28:29.695491,EUR=X,0.975600004196167
2022-08-14 23:28:32.485117,BTC-USD,24764.6484375
2022-08-14 23:28:32.485117,ETH-USD,1979.4007568359375
2022-08-14 23:28:32.485117,DOGE-USD,0.08020909875631332
2022-08-14 23:28:32.485117,SHIB-USD,1.7066815416910686e-05
2022-08-14 23:28:32.485117,BRL=X,5.071300029754639
2022-08-14 23:28:32.485117,EURBRL=X,5.2027997970581055
2022-08-14 23:28:32.485117,EUR=X,0.975600004196167
2022-08-14 23:28:35.842366,BTC-USD,24764.6484375
2022-08-14 23:28:35.842366,ETH-USD,1979.4007568359375
2022-08-14 23:28:35.842366,DOGE-USD,0.08020909875631332
2022-08-14 23:28:35.842366,SHIB-USD,1.7066815416910686e-05
2022-08-14 23:28:35.842366,BRL=X,5.071300029754639
2022-08-14 23:28:35.842366,EURBRL=X,5.2027997970581055
2022-08-14 23:28:35.842366,EUR=X,0.975600004196167
2022-08-14 23:28:38.808660,BTC-USD,24764.6484375
2022-08-14 23:28:38.808660,ETH-USD,1979.4007568359375
2022-08-14 23:28:38.808660,DOGE-USD,0.08020909875631332
2022-08-14 23:28:38.808660,SHIB-USD,1.7066815416910686e-05
2022-08-14 23:28:38.808660,BRL=X,5.071300029754639
2022-08-14 23:28:38.808660,EURBRL=X,5.2027997970581055
2022-08-14 23:28:38.808660,EUR=X,0.975600004196167
2022-08-14 23:28:40.782408,BTC-USD,24764.6484375
2022-08-14 23:28:40.782408,ETH-USD,1979.4007568359375
2022-08-14 23:28:40.782408,DOGE-USD,0.08020909875631332
2022-08-14 23:28:40.782408,SHIB-USD,1.7066815416910686e-05
2022-08-14 23:28:40.782408,BRL=X,5.071300029754639
2022-08-14 23:28:40.782408,EURBRL=X,5.2027997970581055
2022-08-14 23:28:40.782408,EUR=X,0.975600004196167
2022-08-14 23:28:44.411991,BTC-USD,24764.6484375
2022-08-14 23:28:44.411991,ETH-USD,1979.4007568359375
2022-08-14 23:28:44.411991,DOGE-USD,0.08020909875631332
2022-08-14 23:28:44.411991,SHIB-USD,1.7066815416910686e-05
2022-08-14 23:28:44.411991,BRL=X,5.071300029754639
2022-08-14 23:28:44.411991,EURBRL=X,5.2027997970581055
2022-08-14 23:28:44.411991,EUR=X,0.975600004196167
2022-08-14 23:28:47.031197,BTC-USD,24764.6484375
2022-08-14 23:28:47.031197,ETH-USD,1979.4007568359375
2022-08-14 23:28:47.031197,DOGE-USD,0.08020909875631332
2022-08-14 23:28:47.031197,SHIB-USD,1.7066815416910686e-05
2022-08-14 23:28:47.031197,BRL=X,5.071300029754639
2022-08-14 23:28:47.031197,EURBRL=X,5.2027997970581055
2022-08-14 23:28:47.031197,EUR=X,0.975600004196167
2022-08-14 23:28:49.455451,BTC-USD,24764.6484375
2022-08-14 23:28:49.455451,ETH-USD,1979.4007568359375
2022-08-14 23:28:49.455451,DOGE-USD,0.08020909875631332
2022-08-14 23:28:49.455451,SHIB-USD,1.7066815416910686e-05
2022-08-14 23:28:49.455451,BRL=X,5.071300029754639
2022-08-14 23:28:49.455451,EURBRL=X,5.2027997970581055
2022-08-14 23:28:49.455451,EUR=X,0.975600004196167
2022-08-14 23:28:52.223326,BTC-USD,24764.5625
2022-08-14 23:28:52.223326,ETH-USD,1979.259033203125
2022-08-14 23:28:52.223326,DOGE-USD,0.08021476119756699
2022-08-14 23:28:52.223326,SHIB-USD,1.706320654193405e-05
2022-08-14 23:28:52.223326,BRL=X,5.071300029754639
2022-08-14 23:28:52.223326,EURBRL=X,5.2027997970581055
2022-08-14 23:28:52.223326,EUR=X,0.975600004196167
2022-08-14 23:28:55.320012,BTC-USD,24764.5625
2022-08-14 23:28:55.320012,ETH-USD,1979.259033203125
2022-08-14 23:28:55.320012,DOGE-USD,0.08021476119756699
2022-08-14 23:28:55.320012,SHIB-USD,1.706320654193405e-05
2022-08-14 23:28:55.320012,BRL=X,5.071300029754639
2022-08-14 23:28:55.320012,EURBRL=X,5.2027997970581055
2022-08-14 23:28:55.320012,EUR=X,0.975600004196167
2022-08-14 23:28:58.054135,BTC-USD,24764.5625
2022-08-14 23:28:58.054135,ETH-USD,1979.4007568359375
2022-08-14 23:28:58.054135,DOGE-USD,0.08021476119756699
2022-08-14 23:28:58.054135,SHIB-USD,1.706320654193405e-05
2022-08-14 23:28:58.054135,BRL=X,5.071300029754639
2022-08-14 23:28:58.054135,EURBRL=X,5.2027997970581055
2022-08-14 23:28:58.054135,EUR=X,0.975600004196167
2022-08-14 23:29:00.807783,BTC-USD,24764.5625
2022-08-14 23:29:00.807783,ETH-USD,1979.259033203125
2022-08-14 23:29:00.807783,DOGE-USD,0.08021476119756699
2022-08-14 23:29:00.807783,SHIB-USD,1.706320654193405e-05
2022-08-14 23:29:00.807783,BRL=X,5.071300029754639
2022-08-14 23:29:00.807783,EURBRL=X,5.2027997970581055
2022-08-14 23:29:00.807783,EUR=X,0.975600004196167
2022-08-14 23:29:03.781576,BTC-USD,24764.5625
2022-08-14 23:29:03.781576,ETH-USD,1979.259033203125
2022-08-14 23:29:03.781576,DOGE-USD,0.08021476119756699
2022-08-14 23:29:03.781576,SHIB-USD,1.706320654193405e-05
2022-08-14 23:29:03.781576,BRL=X,5.071300029754639
2022-08-14 23:29:03.781576,EURBRL=X,5.2027997970581055
2022-08-14 23:29:03.781576,EUR=X,0.975600004196167
2022-08-14 23:29:06.517271,BTC-USD,24764.5625
2022-08-14 23:29:06.517271,ETH-USD,1979.259033203125
2022-08-14 23:29:06.517271,DOGE-USD,0.08021476119756699
2022-08-14 23:29:06.517271,SHIB-USD,1.706320654193405e-05
2022-08-14 23:29:06.517271,BRL=X,5.071300029754639
2022-08-14 23:29:06.517271,EURBRL=X,5.2027997970581055
2022-08-14 23:29:06.517271,EUR=X,0.975600004196167
2022-08-14 23:29:10.110854,BTC-USD,24764.5625
2022-08-14 23:29:10.110854,ETH-USD,1979.259033203125
2022-08-14 23:29:10.110854,DOGE-USD,0.08021476119756699
2022-08-14 23:29:10.110854,SHIB-USD,1.706320654193405e-05
2022-08-14 23:29:10.110854,BRL=X,5.071300029754639
2022-08-14 23:29:10.110854,EURBRL=X,5.2027997970581055
2022-08-14 23:29:10.110854,EUR=X,0.975600004196167
2022-08-14 23:29:13.014820,BTC-USD,24764.5625
2022-08-14 23:29:13.014820,ETH-USD,1979.259033203125
2022-08-14 23:29:13.014820,DOGE-USD,0.08021476119756699
2022-08-14 23:29:13.014820,SHIB-USD,1.706320654193405e-05
2022-08-14 23:29:13.014820,BRL=X,5.071300029754639
2022-08-14 23:29:13.014820,EURBRL=X,5.2027997970581055
2022-08-14 23:29:13.014820,EUR=X,0.975600004196167
2022-08-14 23:29:16.074051,BTC-USD,24764.5625
2022-08-14 23:29:16.074051,ETH-USD,1979.259033203125
2022-08-14 23:29:16.074051,DOGE-USD,0.08021476119756699
2022-08-14 23:29:16.074051,SHIB-USD,1.706320654193405e-05
2022-08-14 23:29:16.074051,BRL=X,5.071300029754639
2022-08-14 23:29:16.074051,EURBRL=X,5.2027997970581055
2022-08-14 23:29:16.074051,EUR=X,0.975600004196167
2022-08-14 23:29:18.777925,BTC-USD,24764.5625
2022-08-14 23:29:18.777925,ETH-USD,1979.259033203125
2022-08-14 23:29:18.777925,DOGE-USD,0.08021476119756699
2022-08-14 23:29:18.777925,SHIB-USD,1.706320654193405e-05
2022-08-14 23:29:18.777925,BRL=X,5.071300029754639
2022-08-14 23:29:18.777925,EURBRL=X,5.2027997970581055
2022-08-14 23:29:18.777925,EUR=X,0.975600004196167
2022-08-14 23:29:22.145639,BTC-USD,24764.5625
2022-08-14 23:29:22.145639,ETH-USD,1979.259033203125
2022-08-14 23:29:22.145639,DOGE-USD,0.08021476119756699
2022-08-14 23:29:22.145639,SHIB-USD,1.706320654193405e-05
2022-08-14 23:29:22.145639,BRL=X,5.071300029754639
2022-08-14 23:29:22.145639,EURBRL=X,5.2027997970581055
2022-08-14 23:29:22.145639,EUR=X,0.975600004196167
2022-08-14 23:29:25.317564,BTC-USD,24764.5625
2022-08-14 23:29:25.317564,ETH-USD,1979.259033203125
2022-08-14 23:29:25.317564,DOGE-USD,0.08021476119756699
2022-08-14 23:29:25.317564,SHIB-USD,1.706320654193405e-05
2022-08-14 23:29:25.317564,BRL=X,5.071300029754639
2022-08-14 23:29:25.317564,EURBRL=X,5.2027997970581055
2022-08-14 23:29:25.317564,EUR=X,0.975600004196167
2022-08-14 23:29:28.194032,BTC-USD,24764.5625
2022-08-14 23:29:28.194032,ETH-USD,1979.259033203125
2022-08-14 23:29:28.194032,DOGE-USD,0.08021476119756699
2022-08-14 23:29:28.194032,SHIB-USD,1.706320654193405e-05
2022-08-14 23:29:28.194032,BRL=X,5.071300029754639
2022-08-14 23:29:28.194032,EURBRL=X,5.2027997970581055
2022-08-14 23:29:28.194032,EUR=X,0.975600004196167
2022-08-14 23:29:30.917849,BTC-USD,24764.5625
2022-08-14 23:29:30.917849,ETH-USD,1979.259033203125
2022-08-14 23:29:30.917849,DOGE-USD,0.08021476119756699
2022-08-14 23:29:30.917849,SHIB-USD,1.706320654193405e-05
2022-08-14 23:29:30.917849,BRL=X,5.071300029754639
2022-08-14 23:29:30.917849,EURBRL=X,5.2027997970581055
2022-08-14 23:29:30.917849,EUR=X,0.975600004196167
2022-08-14 23:29:33.952431,BTC-USD,24764.5625
2022-08-14 23:29:33.952431,ETH-USD,1979.259033203125
2022-08-14 23:29:33.952431,DOGE-USD,0.08021476119756699
2022-08-14 23:29:33.952431,SHIB-USD,1.706320654193405e-05
2022-08-14 23:29:33.952431,BRL=X,5.071300029754639
2022-08-14 23:29:33.952431,EURBRL=X,5.2027997970581055
2022-08-14 23:29:33.952431,EUR=X,0.975600004196167
2022-08-14 23:29:37.658125,BTC-USD,24764.5625
2022-08-14 23:29:37.658125,ETH-USD,1979.259033203125
2022-08-14 23:29:37.658125,DOGE-USD,0.08021476119756699
2022-08-14 23:29:37.658125,SHIB-USD,1.706320654193405e-05
2022-08-14 23:29:37.658125,BRL=X,5.071300029754639
2022-08-14 23:29:37.658125,EURBRL=X,5.2027997970581055
2022-08-14 23:29:37.658125,EUR=X,0.975600004196167
2022-08-14 23:29:40.241863,BTC-USD,24764.5625
2022-08-14 23:29:40.241863,ETH-USD,1979.259033203125
2022-08-14 23:29:40.241863,DOGE-USD,0.08021476119756699
2022-08-14 23:29:40.241863,SHIB-USD,1.706320654193405e-05
2022-08-14 23:29:40.241863,BRL=X,5.071300029754639
2022-08-14 23:29:40.241863,EURBRL=X,5.2027997970581055
2022-08-14 23:29:40.241863,EUR=X,0.975600004196167
2022-08-14 23:29:43.058568,BTC-USD,24764.5625
2022-08-14 23:29:43.058568,ETH-USD,1979.259033203125
2022-08-14 23:29:43.058568,DOGE-USD,0.08021476119756699
2022-08-14 23:29:43.058568,SHIB-USD,1.706320654193405e-05
2022-08-14 23:29:43.058568,BRL=X,5.071300029754639
2022-08-14 23:29:43.058568,EURBRL=X,5.2027997970581055
2022-08-14 23:29:43.058568,EUR=X,0.975600004196167
2022-08-14 23:29:45.932106,BTC-USD,24764.5625
2022-08-14 23:29:45.932106,ETH-USD,1979.259033203125
2022-08-14 23:29:45.932106,DOGE-USD,0.08021476119756699
2022-08-14 23:29:45.932106,SHIB-USD,1.706320654193405e-05
2022-08-14 23:29:45.932106,BRL=X,5.071300029754639
2022-08-14 23:29:45.932106,EURBRL=X,5.2027997970581055
2022-08-14 23:29:45.932106,EUR=X,0.975600004196167
2022-08-14 23:29:48.608066,BTC-USD,24764.5625
2022-08-14 23:29:48.608066,ETH-USD,1979.259033203125
2022-08-14 23:29:48.608066,DOGE-USD,0.08021476119756699
2022-08-14 23:29:48.608066,SHIB-USD,1.706320654193405e-05
2022-08-14 23:29:48.608066,BRL=X,5.071300029754639
2022-08-14 23:29:48.608066,EURBRL=X,5.2027997970581055
2022-08-14 23:29:48.608066,EUR=X,0.975600004196167
2022-08-14 23:29:50.961136,BTC-USD,24764.5625
2022-08-14 23:29:50.961136,ETH-USD,1980.0390625
2022-08-14 23:29:50.961136,DOGE-USD,0.08029767870903015
2022-08-14 23:29:50.961136,SHIB-USD,1.704817623249255e-05
2022-08-14 23:29:50.961136,BRL=X,5.071300029754639
2022-08-14 23:29:50.961136,EURBRL=X,5.2027997970581055
2022-08-14 23:29:50.961136,EUR=X,0.975600004196167
2022-08-14 23:29:53.958723,BTC-USD,24764.5625
2022-08-14 23:29:53.958723,ETH-USD,1980.0390625
2022-08-14 23:29:53.958723,DOGE-USD,0.08029767870903015
2022-08-14 23:29:53.958723,SHIB-USD,1.704817623249255e-05
2022-08-14 23:29:53.958723,BRL=X,5.071300029754639
2022-08-14 23:29:53.958723,EURBRL=X,5.2027997970581055
2022-08-14 23:29:53.958723,EUR=X,0.975600004196167
2022-08-14 23:29:57.030427,BTC-USD,24760.333984375
2022-08-14 23:29:57.030427,ETH-USD,1980.0390625
2022-08-14 23:29:57.030427,DOGE-USD,0.08029767870903015
2022-08-14 23:29:57.030427,SHIB-USD,1.704817623249255e-05
2022-08-14 23:29:57.030427,BRL=X,5.071300029754639
2022-08-14 23:29:57.030427,EURBRL=X,5.2027997970581055
2022-08-14 23:29:57.030427,EUR=X,0.975600004196167
2022-08-14 23:29:59.317760,BTC-USD,24760.333984375
2022-08-14 23:29:59.317760,ETH-USD,1980.0390625
2022-08-14 23:29:59.317760,DOGE-USD,0.08029767870903015
2022-08-14 23:29:59.317760,SHIB-USD,1.704817623249255e-05
2022-08-14 23:29:59.317760,BRL=X,5.071300029754639
2022-08-14 23:29:59.317760,EURBRL=X,5.2027997970581055
2022-08-14 23:29:59.317760,EUR=X,0.975600004196167
2022-08-14 23:30:02.301260,BTC-USD,24760.333984375
2022-08-14 23:30:02.301260,ETH-USD,1980.0390625
2022-08-14 23:30:02.301260,DOGE-USD,0.08029767870903015
2022-08-14 23:30:02.301260,SHIB-USD,1.704817623249255e-05
2022-08-14 23:30:02.301260,BRL=X,5.071300029754639
2022-08-14 23:30:02.301260,EURBRL=X,5.2027997970581055
2022-08-14 23:30:02.301260,EUR=X,0.975600004196167
2022-08-14 23:30:05.163212,BTC-USD,24760.333984375
2022-08-14 23:30:05.163212,ETH-USD,1980.0390625
2022-08-14 23:30:05.163212,DOGE-USD,0.08029767870903015
2022-08-14 23:30:05.163212,SHIB-USD,1.704817623249255e-05
2022-08-14 23:30:05.163212,BRL=X,5.071300029754639
2022-08-14 23:30:05.163212,EURBRL=X,5.2027997970581055
2022-08-14 23:30:05.163212,EUR=X,0.975600004196167
2022-08-14 23:30:07.578342,BTC-USD,24760.333984375
2022-08-14 23:30:07.578342,ETH-USD,1980.0390625
2022-08-14 23:30:07.578342,DOGE-USD,0.08029767870903015
2022-08-14 23:30:07.578342,SHIB-USD,1.704817623249255e-05
2022-08-14 23:30:07.578342,BRL=X,5.071300029754639
2022-08-14 23:30:07.578342,EURBRL=X,5.2027997970581055
2022-08-14 23:30:07.578342,EUR=X,0.975600004196167
2022-08-14 23:30:10.496077,BTC-USD,24760.333984375
2022-08-14 23:30:10.496077,ETH-USD,1980.0390625
2022-08-14 23:30:10.496077,DOGE-USD,0.08029767870903015
2022-08-14 23:30:10.496077,SHIB-USD,1.704817623249255e-05
2022-08-14 23:30:10.496077,BRL=X,5.071300029754639
2022-08-14 23:30:10.496077,EURBRL=X,5.2027997970581055
2022-08-14 23:30:10.496077,EUR=X,0.975600004196167
2022-08-14 23:30:12.998922,BTC-USD,24760.333984375
2022-08-14 23:30:12.998922,ETH-USD,1980.0390625
2022-08-14 23:30:12.998922,DOGE-USD,0.08029767870903015
2022-08-14 23:30:12.998922,SHIB-USD,1.704817623249255e-05
2022-08-14 23:30:12.998922,BRL=X,5.071300029754639
2022-08-14 23:30:12.998922,EURBRL=X,5.2027997970581055
2022-08-14 23:30:12.998922,EUR=X,0.975600004196167
2022-08-14 23:30:16.004808,BTC-USD,24760.333984375
2022-08-14 23:30:16.004808,ETH-USD,1980.0390625
2022-08-14 23:30:16.004808,DOGE-USD,0.08029767870903015
2022-08-14 23:30:16.004808,SHIB-USD,1.704817623249255e-05
2022-08-14 23:30:16.004808,BRL=X,5.071300029754639
2022-08-14 23:30:16.004808,EURBRL=X,5.2027997970581055
2022-08-14 23:30:16.004808,EUR=X,0.975600004196167
2022-08-14 23:30:19.039902,BTC-USD,24760.333984375
2022-08-14 23:30:19.039902,ETH-USD,1980.0390625
2022-08-14 23:30:19.039902,DOGE-USD,0.08029767870903015
2022-08-14 23:30:19.039902,SHIB-USD,1.704817623249255e-05
2022-08-14 23:30:19.039902,BRL=X,5.071300029754639
2022-08-14 23:30:19.039902,EURBRL=X,5.2027997970581055
2022-08-14 23:30:19.039902,EUR=X,0.9757000207901001
2022-08-14 23:30:21.774607,BTC-USD,24760.333984375
2022-08-14 23:30:21.774607,ETH-USD,1980.0390625
2022-08-14 23:30:21.774607,DOGE-USD,0.08029767870903015
2022-08-14 23:30:21.774607,SHIB-USD,1.704817623249255e-05
2022-08-14 23:30:21.774607,BRL=X,5.071300029754639
2022-08-14 23:30:21.774607,EURBRL=X,5.2027997970581055
2022-08-14 23:30:21.774607,EUR=X,0.9757000207901001
2022-08-14 23:30:24.773182,BTC-USD,24760.333984375
2022-08-14 23:30:24.773182,ETH-USD,1980.0390625
2022-08-14 23:30:24.773182,DOGE-USD,0.08029767870903015
2022-08-14 23:30:24.773182,SHIB-USD,1.704817623249255e-05
2022-08-14 23:30:24.773182,BRL=X,5.071300029754639
2022-08-14 23:30:24.773182,EURBRL=X,5.2027997970581055
2022-08-14 23:30:24.773182,EUR=X,0.9757000207901001
2022-08-14 23:30:27.313388,BTC-USD,24760.333984375
2022-08-14 23:30:27.313388,ETH-USD,1980.0390625
2022-08-14 23:30:27.313388,DOGE-USD,0.08029767870903015
2022-08-14 23:30:27.313388,SHIB-USD,1.704817623249255e-05
2022-08-14 23:30:27.313388,BRL=X,5.071300029754639
2022-08-14 23:30:27.313388,EURBRL=X,5.2027997970581055
2022-08-14 23:30:27.313388,EUR=X,0.9757000207901001
2022-08-14 23:30:30.154653,BTC-USD,24760.333984375
2022-08-14 23:30:30.154653,ETH-USD,1980.0390625
2022-08-14 23:30:30.154653,DOGE-USD,0.08029767870903015
2022-08-14 23:30:30.154653,SHIB-USD,1.704817623249255e-05
2022-08-14 23:30:30.154653,BRL=X,5.071300029754639
2022-08-14 23:30:30.154653,EURBRL=X,5.2027997970581055
2022-08-14 23:30:30.154653,EUR=X,0.9757000207901001
2022-08-14 23:30:32.906180,BTC-USD,24760.333984375
2022-08-14 23:30:32.906180,ETH-USD,1980.0390625
2022-08-14 23:30:32.906180,DOGE-USD,0.08029767870903015
2022-08-14 23:30:32.906180,SHIB-USD,1.704817623249255e-05
2022-08-14 23:30:32.906180,BRL=X,5.071300029754639
2022-08-14 23:30:32.906180,EURBRL=X,5.2027997970581055
2022-08-14 23:30:32.906180,EUR=X,0.9757000207901001
2022-08-14 23:30:36.270618,BTC-USD,24760.333984375
2022-08-14 23:30:36.270618,ETH-USD,1980.0390625
2022-08-14 23:30:36.270618,DOGE-USD,0.08029767870903015
2022-08-14 23:30:36.270618,SHIB-USD,1.704817623249255e-05
2022-08-14 23:30:36.270618,BRL=X,5.071300029754639
2022-08-14 23:30:36.270618,EURBRL=X,5.2027997970581055
2022-08-14 23:30:36.270618,EUR=X,0.9757000207901001
2022-08-14 23:30:39.176803,BTC-USD,24760.333984375
2022-08-14 23:30:39.176803,ETH-USD,1980.0390625
2022-08-14 23:30:39.176803,DOGE-USD,0.08029767870903015
2022-08-14 23:30:39.176803,SHIB-USD,1.704817623249255e-05
2022-08-14 23:30:39.176803,BRL=X,5.071300029754639
2022-08-14 23:30:39.176803,EURBRL=X,5.2027997970581055
2022-08-14 23:30:39.176803,EUR=X,0.9757000207901001
2022-08-14 23:30:41.704486,BTC-USD,24760.333984375
2022-08-14 23:30:41.704486,ETH-USD,1980.0390625
2022-08-14 23:30:41.704486,DOGE-USD,0.08029767870903015
2022-08-14 23:30:41.704486,SHIB-USD,1.704817623249255e-05
2022-08-14 23:30:41.704486,BRL=X,5.071300029754639
2022-08-14 23:30:41.704486,EURBRL=X,5.2027997970581055
2022-08-14 23:30:41.704486,EUR=X,0.9757000207901001
2022-08-14 23:30:44.387170,BTC-USD,24760.333984375
2022-08-14 23:30:44.387170,ETH-USD,1980.0390625
2022-08-14 23:30:44.387170,DOGE-USD,0.08029767870903015
2022-08-14 23:30:44.387170,SHIB-USD,1.704817623249255e-05
2022-08-14 23:30:44.387170,BRL=X,5.071300029754639
2022-08-14 23:30:44.387170,EURBRL=X,5.2027997970581055
2022-08-14 23:30:44.387170,EUR=X,0.9757000207901001
2022-08-14 23:30:47.350256,BTC-USD,24760.333984375
2022-08-14 23:30:47.350256,ETH-USD,1980.0390625
2022-08-14 23:30:47.350256,DOGE-USD,0.08029767870903015
2022-08-14 23:30:47.350256,SHIB-USD,1.704817623249255e-05
2022-08-14 23:30:47.350256,BRL=X,5.071300029754639
2022-08-14 23:30:47.350256,EURBRL=X,5.2027997970581055
2022-08-14 23:30:47.350256,EUR=X,0.9757000207901001
2022-08-14 23:30:50.262715,BTC-USD,24760.333984375
2022-08-14 23:30:50.262715,ETH-USD,1980.0390625
2022-08-14 23:30:50.262715,DOGE-USD,0.08029767870903015
2022-08-14 23:30:50.262715,SHIB-USD,1.7048443623934872e-05
2022-08-14 23:30:50.262715,BRL=X,5.071300029754639
2022-08-14 23:30:50.262715,EURBRL=X,5.2027997970581055
2022-08-14 23:30:50.262715,EUR=X,0.9757000207901001
2022-08-14 23:30:53.288650,BTC-USD,24764.98046875
2022-08-14 23:30:53.288650,ETH-USD,1980.7623291015625
2022-08-14 23:30:53.288650,DOGE-USD,0.08031467348337173
2022-08-14 23:30:53.288650,SHIB-USD,1.7048443623934872e-05
2022-08-14 23:30:53.288650,BRL=X,5.071300029754639
2022-08-14 23:30:53.288650,EURBRL=X,5.2027997970581055
2022-08-14 23:30:53.288650,EUR=X,0.9757000207901001
2022-08-14 23:30:56.651025,BTC-USD,24764.98046875
2022-08-14 23:30:56.651025,ETH-USD,1980.7623291015625
2022-08-14 23:30:56.651025,DOGE-USD,0.08031467348337173
2022-08-14 23:30:56.651025,SHIB-USD,1.704817623249255e-05
2022-08-14 23:30:56.651025,BRL=X,5.071300029754639
2022-08-14 23:30:56.651025,EURBRL=X,5.2027997970581055
2022-08-14 23:30:56.651025,EUR=X,0.9757000207901001
2022-08-14 23:30:58.698841,BTC-USD,24764.98046875
2022-08-14 23:30:58.698841,ETH-USD,1980.7623291015625
2022-08-14 23:30:58.698841,DOGE-USD,0.08031467348337173
2022-08-14 23:30:58.698841,SHIB-USD,1.7048443623934872e-05
2022-08-14 23:30:58.698841,BRL=X,5.071300029754639
2022-08-14 23:30:58.698841,EURBRL=X,5.2027997970581055
2022-08-14 23:30:58.698841,EUR=X,0.9757000207901001
2022-08-14 23:31:01.434876,BTC-USD,24764.98046875
2022-08-14 23:31:01.434876,ETH-USD,1980.7623291015625
2022-08-14 23:31:01.434876,DOGE-USD,0.08031467348337173
2022-08-14 23:31:01.434876,SHIB-USD,1.7048443623934872e-05
2022-08-14 23:31:01.434876,BRL=X,5.071300029754639
2022-08-14 23:31:01.434876,EURBRL=X,5.2027997970581055
2022-08-14 23:31:01.434876,EUR=X,0.9757000207901001
2022-08-14 23:31:04.054270,BTC-USD,24764.98046875
2022-08-14 23:31:04.054270,ETH-USD,1980.7623291015625
2022-08-14 23:31:04.054270,DOGE-USD,0.08031467348337173
2022-08-14 23:31:04.054270,SHIB-USD,1.7048443623934872e-05
2022-08-14 23:31:04.054270,BRL=X,5.071300029754639
2022-08-14 23:31:04.054270,EURBRL=X,5.2027997970581055
2022-08-14 23:31:04.054270,EUR=X,0.9757000207901001
2022-08-14 23:31:07.033209,BTC-USD,24764.98046875
2022-08-14 23:31:07.033209,ETH-USD,1980.7623291015625
2022-08-14 23:31:07.033209,DOGE-USD,0.08031467348337173
2022-08-14 23:31:07.033209,SHIB-USD,1.7048443623934872e-05
2022-08-14 23:31:07.033209,BRL=X,5.071300029754639
2022-08-14 23:31:07.033209,EURBRL=X,5.2027997970581055
2022-08-14 23:31:07.033209,EUR=X,0.9757000207901001
2022-08-14 23:31:09.418858,BTC-USD,24764.98046875
2022-08-14 23:31:09.418858,ETH-USD,1980.7623291015625
2022-08-14 23:31:09.418858,DOGE-USD,0.08031467348337173
2022-08-14 23:31:09.418858,SHIB-USD,1.7048443623934872e-05
2022-08-14 23:31:09.418858,BRL=X,5.071300029754639
2022-08-14 23:31:09.418858,EURBRL=X,5.2027997970581055
2022-08-14 23:31:09.418858,EUR=X,0.9757000207901001
2022-08-14 23:31:11.470177,BTC-USD,24764.98046875
2022-08-14 23:31:11.470177,ETH-USD,1980.7623291015625
2022-08-14 23:31:11.470177,DOGE-USD,0.08031467348337173
2022-08-14 23:31:11.470177,SHIB-USD,1.7048443623934872e-05
2022-08-14 23:31:11.470177,BRL=X,5.071300029754639
2022-08-14 23:31:11.470177,EURBRL=X,5.2027997970581055
2022-08-14 23:31:11.470177,EUR=X,0.9757000207901001
2022-08-14 23:31:13.536422,BTC-USD,24764.98046875
2022-08-14 23:31:13.536422,ETH-USD,1980.7623291015625
2022-08-14 23:31:13.536422,DOGE-USD,0.08031467348337173
2022-08-14 23:31:13.536422,SHIB-USD,1.7048443623934872e-05
2022-08-14 23:31:13.536422,BRL=X,5.071300029754639
2022-08-14 23:31:13.536422,EURBRL=X,5.2027997970581055
2022-08-14 23:31:13.536422,EUR=X,0.9757000207901001
2022-08-14 23:31:16.466627,BTC-USD,24764.98046875
2022-08-14 23:31:16.466627,ETH-USD,1980.7623291015625
2022-08-14 23:31:16.466627,DOGE-USD,0.08031467348337173
2022-08-14 23:31:16.466627,SHIB-USD,1.7048443623934872e-05
2022-08-14 23:31:16.466627,BRL=X,5.071300029754639
2022-08-14 23:31:16.466627,EURBRL=X,5.2027997970581055
2022-08-14 23:31:16.466627,EUR=X,0.9757000207901001
2022-08-14 23:31:18.812567,BTC-USD,24764.98046875
2022-08-14 23:31:18.812567,ETH-USD,1980.7623291015625
2022-08-14 23:31:18.812567,DOGE-USD,0.08031467348337173
2022-08-14 23:31:18.812567,SHIB-USD,1.7048443623934872e-05
2022-08-14 23:31:18.812567,BRL=X,5.071300029754639
2022-08-14 23:31:18.812567,EURBRL=X,5.2027997970581055
2022-08-14 23:31:18.812567,EUR=X,0.9757000207901001
2022-08-14 23:31:21.870438,BTC-USD,24764.98046875
2022-08-14 23:31:21.870438,ETH-USD,1980.7623291015625
2022-08-14 23:31:21.870438,DOGE-USD,0.08031467348337173
2022-08-14 23:31:21.870438,SHIB-USD,1.7048443623934872e-05
2022-08-14 23:31:21.870438,BRL=X,5.071300029754639
2022-08-14 23:31:21.870438,EURBRL=X,5.2027997970581055
2022-08-14 23:31:21.870438,EUR=X,0.9757000207901001
2022-08-14 23:31:24.779975,BTC-USD,24764.98046875
2022-08-14 23:31:24.779975,ETH-USD,1980.7623291015625
2022-08-14 23:31:24.779975,DOGE-USD,0.08031467348337173
2022-08-14 23:31:24.779975,SHIB-USD,1.7048443623934872e-05
2022-08-14 23:31:24.779975,BRL=X,5.071300029754639
2022-08-14 23:31:24.779975,EURBRL=X,5.2027997970581055
2022-08-14 23:31:24.779975,EUR=X,0.9757000207901001
2022-08-14 23:31:27.821878,BTC-USD,24764.98046875
2022-08-14 23:31:27.821878,ETH-USD,1980.7623291015625
2022-08-14 23:31:27.821878,DOGE-USD,0.08031467348337173
2022-08-14 23:31:27.821878,SHIB-USD,1.7048443623934872e-05
2022-08-14 23:31:27.821878,BRL=X,5.071300029754639
2022-08-14 23:31:27.821878,EURBRL=X,5.2027997970581055
2022-08-14 23:31:27.821878,EUR=X,0.9757000207901001
2022-08-14 23:31:30.129606,BTC-USD,24764.98046875
2022-08-14 23:31:30.129606,ETH-USD,1980.7623291015625
2022-08-14 23:31:30.129606,DOGE-USD,0.08031467348337173
2022-08-14 23:31:30.129606,SHIB-USD,1.7048443623934872e-05
2022-08-14 23:31:30.129606,BRL=X,5.071300029754639
2022-08-14 23:31:30.129606,EURBRL=X,5.2027997970581055
2022-08-14 23:31:30.129606,EUR=X,0.9757000207901001
2022-08-14 23:31:32.522702,BTC-USD,24764.98046875
2022-08-14 23:31:32.522702,ETH-USD,1980.7623291015625
2022-08-14 23:31:32.522702,DOGE-USD,0.08031467348337173
2022-08-14 23:31:32.522702,SHIB-USD,1.7048443623934872e-05
2022-08-14 23:31:32.522702,BRL=X,5.071300029754639
2022-08-14 23:31:32.522702,EURBRL=X,5.2027997970581055
2022-08-14 23:31:32.522702,EUR=X,0.9757000207901001
2022-08-14 23:31:35.841387,BTC-USD,24764.98046875
2022-08-14 23:31:35.841387,ETH-USD,1980.7623291015625
2022-08-14 23:31:35.841387,DOGE-USD,0.08031467348337173
2022-08-14 23:31:35.841387,SHIB-USD,1.7048443623934872e-05
2022-08-14 23:31:35.841387,BRL=X,5.071300029754639
2022-08-14 23:31:35.841387,EURBRL=X,5.2027997970581055
2022-08-14 23:31:35.841387,EUR=X,0.9757000207901001
2022-08-14 23:31:38.258335,BTC-USD,24764.98046875
2022-08-14 23:31:38.258335,ETH-USD,1980.7623291015625
2022-08-14 23:31:38.258335,DOGE-USD,0.08031467348337173
2022-08-14 23:31:38.258335,SHIB-USD,1.7048443623934872e-05
2022-08-14 23:31:38.258335,BRL=X,5.071300029754639
2022-08-14 23:31:38.258335,EURBRL=X,5.2027997970581055
2022-08-14 23:31:38.258335,EUR=X,0.9757000207901001
2022-08-14 23:31:41.428633,BTC-USD,24764.98046875
2022-08-14 23:31:41.428633,ETH-USD,1980.7623291015625
2022-08-14 23:31:41.428633,DOGE-USD,0.08031467348337173
2022-08-14 23:31:41.428633,SHIB-USD,1.7048443623934872e-05
2022-08-14 23:31:41.428633,BRL=X,5.071300029754639
2022-08-14 23:31:41.428633,EURBRL=X,5.2027997970581055
2022-08-14 23:31:41.428633,EUR=X,0.9757000207901001
2022-08-14 23:31:44.266811,BTC-USD,24764.98046875
2022-08-14 23:31:44.266811,ETH-USD,1980.7623291015625
2022-08-14 23:31:44.266811,DOGE-USD,0.08031467348337173
2022-08-14 23:31:44.266811,SHIB-USD,1.7048443623934872e-05
2022-08-14 23:31:44.266811,BRL=X,5.071300029754639
2022-08-14 23:31:44.266811,EURBRL=X,5.2027997970581055
2022-08-14 23:31:44.266811,EUR=X,0.9757000207901001
2022-08-14 23:31:46.781313,BTC-USD,24764.98046875
2022-08-14 23:31:46.781313,ETH-USD,1980.7623291015625
2022-08-14 23:31:46.781313,DOGE-USD,0.08031467348337173
2022-08-14 23:31:46.781313,SHIB-USD,1.7048443623934872e-05
2022-08-14 23:31:46.781313,BRL=X,5.071300029754639
2022-08-14 23:31:46.781313,EURBRL=X,5.2027997970581055
2022-08-14 23:31:46.781313,EUR=X,0.9757000207901001
2022-08-14 23:31:48.945249,BTC-USD,24764.98046875
2022-08-14 23:31:48.945249,ETH-USD,1980.7623291015625
2022-08-14 23:31:48.945249,DOGE-USD,0.08031467348337173
2022-08-14 23:31:48.945249,SHIB-USD,1.7048443623934872e-05
2022-08-14 23:31:48.945249,BRL=X,5.071300029754639
2022-08-14 23:31:48.945249,EURBRL=X,5.2027997970581055
2022-08-14 23:31:48.945249,EUR=X,0.9757000207901001
2022-08-14 23:31:51.757869,BTC-USD,24764.98046875
2022-08-14 23:31:51.757869,ETH-USD,1981.8590087890625
2022-08-14 23:31:51.757869,DOGE-USD,0.08031467348337173
2022-08-14 23:31:51.757869,SHIB-USD,1.7048443623934872e-05
2022-08-14 23:31:51.757869,BRL=X,5.071300029754639
2022-08-14 23:31:51.757869,EURBRL=X,5.2027997970581055
2022-08-14 23:31:51.757869,EUR=X,0.9757000207901001
2022-08-14 23:31:54.209229,BTC-USD,24764.98046875
2022-08-14 23:31:54.209229,ETH-USD,1980.7623291015625
2022-08-14 23:31:54.209229,DOGE-USD,0.08033744990825653
2022-08-14 23:31:54.209229,SHIB-USD,1.7048443623934872e-05
2022-08-14 23:31:54.209229,BRL=X,5.071300029754639
2022-08-14 23:31:54.209229,EURBRL=X,5.2027997970581055
2022-08-14 23:31:54.209229,EUR=X,0.9757000207901001
2022-08-14 23:31:57.018629,BTC-USD,24764.98046875
2022-08-14 23:31:57.018629,ETH-USD,1981.8590087890625
2022-08-14 23:31:57.018629,DOGE-USD,0.08033744990825653
2022-08-14 23:31:57.018629,SHIB-USD,1.7048443623934872e-05
2022-08-14 23:31:57.018629,BRL=X,5.071300029754639
2022-08-14 23:31:57.018629,EURBRL=X,5.2027997970581055
2022-08-14 23:31:57.018629,EUR=X,0.9757000207901001
2022-08-14 23:31:59.594291,BTC-USD,24769.431640625
2022-08-14 23:31:59.594291,ETH-USD,1981.8590087890625
2022-08-14 23:31:59.594291,DOGE-USD,0.08033744990825653
2022-08-14 23:31:59.594291,SHIB-USD,1.7045136701199226e-05
2022-08-14 23:31:59.594291,BRL=X,5.071300029754639
2022-08-14 23:31:59.594291,EURBRL=X,5.2027997970581055
2022-08-14 23:31:59.594291,EUR=X,0.9757000207901001
2022-08-14 23:32:02.501702,BTC-USD,24769.431640625
2022-08-14 23:32:02.501702,ETH-USD,1981.8590087890625
2022-08-14 23:32:02.501702,DOGE-USD,0.08033744990825653
2022-08-14 23:32:02.501702,SHIB-USD,1.7045136701199226e-05
2022-08-14 23:32:02.501702,BRL=X,5.071300029754639
2022-08-14 23:32:02.501702,EURBRL=X,5.2027997970581055
2022-08-14 23:32:02.501702,EUR=X,0.9757000207901001
2022-08-14 23:32:05.268242,BTC-USD,24769.431640625
2022-08-14 23:32:05.268242,ETH-USD,1981.8590087890625
2022-08-14 23:32:05.268242,DOGE-USD,0.08033744990825653
2022-08-14 23:32:05.268242,SHIB-USD,1.7045136701199226e-05
2022-08-14 23:32:05.268242,BRL=X,5.071300029754639
2022-08-14 23:32:05.268242,EURBRL=X,5.2027997970581055
2022-08-14 23:32:05.268242,EUR=X,0.9757000207901001
2022-08-14 23:32:08.157587,BTC-USD,24769.431640625
2022-08-14 23:32:08.157587,ETH-USD,1981.8590087890625
2022-08-14 23:32:08.157587,DOGE-USD,0.08033744990825653
2022-08-14 23:32:08.157587,SHIB-USD,1.7045136701199226e-05
2022-08-14 23:32:08.157587,BRL=X,5.071300029754639
2022-08-14 23:32:08.157587,EURBRL=X,5.2027997970581055
2022-08-14 23:32:08.157587,EUR=X,0.9757000207901001
2022-08-14 23:32:11.191010,BTC-USD,24769.431640625
2022-08-14 23:32:11.191010,ETH-USD,1981.8590087890625
2022-08-14 23:32:11.191010,DOGE-USD,0.08033744990825653
2022-08-14 23:32:11.191010,SHIB-USD,1.7045136701199226e-05
2022-08-14 23:32:11.191010,BRL=X,5.071300029754639
2022-08-14 23:32:11.191010,EURBRL=X,5.2027997970581055
2022-08-14 23:32:11.191010,EUR=X,0.9757000207901001
2022-08-14 23:32:13.789937,BTC-USD,24769.431640625
2022-08-14 23:32:13.789937,ETH-USD,1981.8590087890625
2022-08-14 23:32:13.789937,DOGE-USD,0.08033744990825653
2022-08-14 23:32:13.789937,SHIB-USD,1.7045136701199226e-05
2022-08-14 23:32:13.789937,BRL=X,5.071300029754639
2022-08-14 23:32:13.789937,EURBRL=X,5.2027997970581055
2022-08-14 23:32:13.789937,EUR=X,0.9757000207901001
2022-08-14 23:32:16.438695,BTC-USD,24769.431640625
2022-08-14 23:32:16.438695,ETH-USD,1981.8590087890625
2022-08-14 23:32:16.438695,DOGE-USD,0.08033744990825653
2022-08-14 23:32:16.438695,SHIB-USD,1.7045136701199226e-05
2022-08-14 23:32:16.438695,BRL=X,5.071300029754639
2022-08-14 23:32:16.438695,EURBRL=X,5.2027997970581055
2022-08-14 23:32:16.438695,EUR=X,0.9757000207901001
2022-08-14 23:32:19.254151,BTC-USD,24769.431640625
2022-08-14 23:32:19.254151,ETH-USD,1981.8590087890625
2022-08-14 23:32:19.254151,DOGE-USD,0.08033744990825653
2022-08-14 23:32:19.254151,SHIB-USD,1.7045136701199226e-05
2022-08-14 23:32:19.254151,BRL=X,5.071300029754639
2022-08-14 23:32:19.254151,EURBRL=X,5.2027997970581055
2022-08-14 23:32:19.254151,EUR=X,0.9757999777793884
2022-08-14 23:32:22.041756,BTC-USD,24769.431640625
2022-08-14 23:32:22.041756,ETH-USD,1981.8590087890625
2022-08-14 23:32:22.041756,DOGE-USD,0.08033744990825653
2022-08-14 23:32:22.041756,SHIB-USD,1.7045136701199226e-05
2022-08-14 23:32:22.041756,BRL=X,5.071300029754639
2022-08-14 23:32:22.041756,EURBRL=X,5.2027997970581055
2022-08-14 23:32:22.041756,EUR=X,0.9757000207901001
2022-08-14 23:32:24.798481,BTC-USD,24769.431640625
2022-08-14 23:32:24.798481,ETH-USD,1981.8590087890625
2022-08-14 23:32:24.798481,DOGE-USD,0.08033744990825653
2022-08-14 23:32:24.798481,SHIB-USD,1.7045136701199226e-05
2022-08-14 23:32:24.798481,BRL=X,5.071300029754639
2022-08-14 23:32:24.798481,EURBRL=X,5.2027997970581055
2022-08-14 23:32:24.798481,EUR=X,0.9757999777793884
2022-08-14 23:32:27.361163,BTC-USD,24769.431640625
2022-08-14 23:32:27.361163,ETH-USD,1981.8590087890625
2022-08-14 23:32:27.361163,DOGE-USD,0.08033744990825653
2022-08-14 23:32:27.361163,SHIB-USD,1.7045136701199226e-05
2022-08-14 23:32:27.361163,BRL=X,5.071300029754639
2022-08-14 23:32:27.361163,EURBRL=X,5.2027997970581055
2022-08-14 23:32:27.361163,EUR=X,0.9757999777793884
2022-08-14 23:32:30.224538,BTC-USD,24769.431640625
2022-08-14 23:32:30.224538,ETH-USD,1981.8590087890625
2022-08-14 23:32:30.224538,DOGE-USD,0.08033744990825653
2022-08-14 23:32:30.224538,SHIB-USD,1.7045136701199226e-05
2022-08-14 23:32:30.224538,BRL=X,5.071300029754639
2022-08-14 23:32:30.224538,EURBRL=X,5.2027997970581055
2022-08-14 23:32:30.224538,EUR=X,0.9757999777793884
2022-08-14 23:32:32.881837,BTC-USD,24769.431640625
2022-08-14 23:32:32.881837,ETH-USD,1981.8590087890625
2022-08-14 23:32:32.881837,DOGE-USD,0.08033744990825653
2022-08-14 23:32:32.881837,SHIB-USD,1.7045136701199226e-05
2022-08-14 23:32:32.881837,BRL=X,5.071300029754639
2022-08-14 23:32:32.881837,EURBRL=X,5.2027997970581055
2022-08-14 23:32:32.881837,EUR=X,0.9757999777793884
2022-08-14 23:32:36.009456,BTC-USD,24769.431640625
2022-08-14 23:32:36.009456,ETH-USD,1981.8590087890625
2022-08-14 23:32:36.009456,DOGE-USD,0.08033744990825653
2022-08-14 23:32:36.009456,SHIB-USD,1.7045136701199226e-05
2022-08-14 23:32:36.009456,BRL=X,5.071300029754639
2022-08-14 23:32:36.009456,EURBRL=X,5.2027997970581055
2022-08-14 23:32:36.009456,EUR=X,0.9757999777793884
2022-08-14 23:32:38.014842,BTC-USD,24769.431640625
2022-08-14 23:32:38.014842,ETH-USD,1981.8590087890625
2022-08-14 23:32:38.014842,DOGE-USD,0.08033744990825653
2022-08-14 23:32:38.014842,SHIB-USD,1.7045136701199226e-05
2022-08-14 23:32:38.014842,BRL=X,5.071300029754639
2022-08-14 23:32:38.014842,EURBRL=X,5.2027997970581055
2022-08-14 23:32:38.014842,EUR=X,0.9757999777793884
2022-08-14 23:32:41.160608,BTC-USD,24769.431640625
2022-08-14 23:32:41.160608,ETH-USD,1981.8590087890625
2022-08-14 23:32:41.160608,DOGE-USD,0.08033744990825653
2022-08-14 23:32:41.160608,SHIB-USD,1.7045136701199226e-05
2022-08-14 23:32:41.160608,BRL=X,5.071300029754639
2022-08-14 23:32:41.160608,EURBRL=X,5.2027997970581055
2022-08-14 23:32:41.160608,EUR=X,0.9757999777793884
2022-08-14 23:32:43.641608,BTC-USD,24769.431640625
2022-08-14 23:32:43.641608,ETH-USD,1981.8590087890625
2022-08-14 23:32:43.641608,DOGE-USD,0.08033744990825653
2022-08-14 23:32:43.641608,SHIB-USD,1.7045136701199226e-05
2022-08-14 23:32:43.641608,BRL=X,5.071300029754639
2022-08-14 23:32:43.641608,EURBRL=X,5.2027997970581055
2022-08-14 23:32:43.641608,EUR=X,0.9757999777793884
2022-08-14 23:32:46.832943,BTC-USD,24769.431640625
2022-08-14 23:32:46.832943,ETH-USD,1981.8590087890625
2022-08-14 23:32:46.832943,DOGE-USD,0.08033744990825653
2022-08-14 23:32:46.832943,SHIB-USD,1.7045136701199226e-05
2022-08-14 23:32:46.832943,BRL=X,5.071300029754639
2022-08-14 23:32:46.832943,EURBRL=X,5.2027997970581055
2022-08-14 23:32:46.832943,EUR=X,0.9757999777793884
2022-08-14 23:32:50.036170,BTC-USD,24769.431640625
2022-08-14 23:32:50.036170,ETH-USD,1981.8590087890625
2022-08-14 23:32:50.036170,DOGE-USD,0.08033744990825653
2022-08-14 23:32:50.036170,SHIB-USD,1.7045136701199226e-05
2022-08-14 23:32:50.036170,BRL=X,5.071300029754639
2022-08-14 23:32:50.036170,EURBRL=X,5.2027997970581055
2022-08-14 23:32:50.036170,EUR=X,0.9757999777793884
2022-08-14 23:32:52.829386,BTC-USD,24769.431640625
2022-08-14 23:32:52.829386,ETH-USD,1981.8590087890625
2022-08-14 23:32:52.829386,DOGE-USD,0.08039582520723343
2022-08-14 23:32:52.829386,SHIB-USD,1.7066877262550406e-05
2022-08-14 23:32:52.829386,BRL=X,5.071300029754639
2022-08-14 23:32:52.829386,EURBRL=X,5.2027997970581055
2022-08-14 23:32:52.829386,EUR=X,0.9757999777793884
2022-08-14 23:32:54.951525,BTC-USD,24785.630859375
2022-08-14 23:32:54.951525,ETH-USD,1981.8590087890625
2022-08-14 23:32:54.951525,DOGE-USD,0.08039582520723343
2022-08-14 23:32:54.951525,SHIB-USD,1.7045136701199226e-05
2022-08-14 23:32:54.951525,BRL=X,5.071300029754639
2022-08-14 23:32:54.951525,EURBRL=X,5.2027997970581055
2022-08-14 23:32:54.951525,EUR=X,0.9757999777793884
2022-08-14 23:32:57.491131,BTC-USD,24785.630859375
2022-08-14 23:32:57.491131,ETH-USD,1983.5089111328125
2022-08-14 23:32:57.491131,DOGE-USD,0.08039582520723343
2022-08-14 23:32:57.491131,SHIB-USD,1.7066877262550406e-05
2022-08-14 23:32:57.491131,BRL=X,5.071300029754639
2022-08-14 23:32:57.491131,EURBRL=X,5.2027997970581055
2022-08-14 23:32:57.491131,EUR=X,0.9757999777793884
2022-08-14 23:33:00.347929,BTC-USD,24785.630859375
2022-08-14 23:33:00.347929,ETH-USD,1983.5089111328125
2022-08-14 23:33:00.347929,DOGE-USD,0.08039582520723343
2022-08-14 23:33:00.347929,SHIB-USD,1.7066877262550406e-05
2022-08-14 23:33:00.347929,BRL=X,5.071300029754639
2022-08-14 23:33:00.347929,EURBRL=X,5.2027997970581055
2022-08-14 23:33:00.347929,EUR=X,0.9757999777793884
2022-08-14 23:33:03.718023,BTC-USD,24785.630859375
2022-08-14 23:33:03.718023,ETH-USD,1983.5089111328125
2022-08-14 23:33:03.718023,DOGE-USD,0.08039582520723343
2022-08-14 23:33:03.718023,SHIB-USD,1.7066877262550406e-05
2022-08-14 23:33:03.718023,BRL=X,5.071300029754639
2022-08-14 23:33:03.718023,EURBRL=X,5.2027997970581055
2022-08-14 23:33:03.718023,EUR=X,0.9757999777793884
2022-08-14 23:33:06.483935,BTC-USD,24785.630859375
2022-08-14 23:33:06.483935,ETH-USD,1983.5089111328125
2022-08-14 23:33:06.483935,DOGE-USD,0.08039582520723343
2022-08-14 23:33:06.483935,SHIB-USD,1.7066877262550406e-05
2022-08-14 23:33:06.483935,BRL=X,5.071300029754639
2022-08-14 23:33:06.483935,EURBRL=X,5.2027997970581055
2022-08-14 23:33:06.483935,EUR=X,0.9757999777793884
2022-08-14 23:33:09.057795,BTC-USD,24785.630859375
2022-08-14 23:33:09.057795,ETH-USD,1983.5089111328125
2022-08-14 23:33:09.057795,DOGE-USD,0.08039582520723343
2022-08-14 23:33:09.057795,SHIB-USD,1.7066877262550406e-05
2022-08-14 23:33:09.057795,BRL=X,5.071300029754639
2022-08-14 23:33:09.057795,EURBRL=X,5.2027997970581055
2022-08-14 23:33:09.057795,EUR=X,0.9757999777793884
2022-08-14 23:33:11.965429,BTC-USD,24785.630859375
2022-08-14 23:33:11.965429,ETH-USD,1983.5089111328125
2022-08-14 23:33:11.965429,DOGE-USD,0.08039582520723343
2022-08-14 23:33:11.965429,SHIB-USD,1.7066877262550406e-05
2022-08-14 23:33:11.965429,BRL=X,5.071300029754639
2022-08-14 23:33:11.965429,EURBRL=X,5.2027997970581055
2022-08-14 23:33:11.965429,EUR=X,0.9757999777793884
2022-08-14 23:33:14.175001,BTC-USD,24785.630859375
2022-08-14 23:33:14.175001,ETH-USD,1983.5089111328125
2022-08-14 23:33:14.175001,DOGE-USD,0.08039582520723343
2022-08-14 23:33:14.175001,SHIB-USD,1.7066877262550406e-05
2022-08-14 23:33:14.175001,BRL=X,5.071300029754639
2022-08-14 23:33:14.175001,EURBRL=X,5.2027997970581055
2022-08-14 23:33:14.175001,EUR=X,0.9757999777793884
2022-08-14 23:33:17.389693,BTC-USD,24785.630859375
2022-08-14 23:33:17.389693,ETH-USD,1983.5089111328125
2022-08-14 23:33:17.389693,DOGE-USD,0.08039582520723343
2022-08-14 23:33:17.389693,SHIB-USD,1.7066877262550406e-05
2022-08-14 23:33:17.389693,BRL=X,5.071300029754639
2022-08-14 23:33:17.389693,EURBRL=X,5.2027997970581055
2022-08-14 23:33:17.389693,EUR=X,0.9760000109672546
2022-08-14 23:33:20.447837,BTC-USD,24785.630859375
2022-08-14 23:33:20.447837,ETH-USD,1983.5089111328125
2022-08-14 23:33:20.447837,DOGE-USD,0.08039582520723343
2022-08-14 23:33:20.447837,SHIB-USD,1.7066877262550406e-05
2022-08-14 23:33:20.447837,BRL=X,5.071300029754639
2022-08-14 23:33:20.447837,EURBRL=X,5.2027997970581055
2022-08-14 23:33:20.447837,EUR=X,0.9760000109672546
2022-08-14 23:33:24.338855,BTC-USD,24785.630859375
2022-08-14 23:33:24.338855,ETH-USD,1983.5089111328125
2022-08-14 23:33:24.338855,DOGE-USD,0.08039582520723343
2022-08-14 23:33:24.338855,SHIB-USD,1.7066877262550406e-05
2022-08-14 23:33:24.338855,BRL=X,5.071300029754639
2022-08-14 23:33:24.338855,EURBRL=X,5.2027997970581055
2022-08-14 23:33:24.338855,EUR=X,0.9760000109672546
2022-08-14 23:33:27.202187,BTC-USD,24785.630859375
2022-08-14 23:33:27.202187,ETH-USD,1983.5089111328125
2022-08-14 23:33:27.202187,DOGE-USD,0.08039582520723343
2022-08-14 23:33:27.202187,SHIB-USD,1.7066877262550406e-05
2022-08-14 23:33:27.202187,BRL=X,5.071300029754639
2022-08-14 23:33:27.202187,EURBRL=X,5.2027997970581055
2022-08-14 23:33:27.202187,EUR=X,0.9760000109672546
2022-08-14 23:33:30.113621,BTC-USD,24785.630859375
2022-08-14 23:33:30.113621,ETH-USD,1983.5089111328125
2022-08-14 23:33:30.113621,DOGE-USD,0.08039582520723343
2022-08-14 23:33:30.113621,SHIB-USD,1.7066877262550406e-05
2022-08-14 23:33:30.113621,BRL=X,5.071300029754639
2022-08-14 23:33:30.113621,EURBRL=X,5.2027997970581055
2022-08-14 23:33:30.113621,EUR=X,0.9760000109672546
2022-08-14 23:33:33.014385,BTC-USD,24785.630859375
2022-08-14 23:33:33.014385,ETH-USD,1983.5089111328125
2022-08-14 23:33:33.014385,DOGE-USD,0.08039582520723343
2022-08-14 23:33:33.014385,SHIB-USD,1.7066877262550406e-05
2022-08-14 23:33:33.014385,BRL=X,5.071300029754639
2022-08-14 23:33:33.014385,EURBRL=X,5.2027997970581055
2022-08-14 23:33:33.014385,EUR=X,0.9760000109672546
2022-08-14 23:33:35.655038,BTC-USD,24785.630859375
2022-08-14 23:33:35.655038,ETH-USD,1983.5089111328125
2022-08-14 23:33:35.655038,DOGE-USD,0.08039582520723343
2022-08-14 23:33:35.655038,SHIB-USD,1.7066877262550406e-05
2022-08-14 23:33:35.655038,BRL=X,5.071300029754639
2022-08-14 23:33:35.655038,EURBRL=X,5.2027997970581055
2022-08-14 23:33:35.655038,EUR=X,0.9760000109672546
2022-08-14 23:33:38.724060,BTC-USD,24785.630859375
2022-08-14 23:33:38.724060,ETH-USD,1983.5089111328125
2022-08-14 23:33:38.724060,DOGE-USD,0.08039582520723343
2022-08-14 23:33:38.724060,SHIB-USD,1.7066877262550406e-05
2022-08-14 23:33:38.724060,BRL=X,5.071300029754639
2022-08-14 23:33:38.724060,EURBRL=X,5.2027997970581055
2022-08-14 23:33:38.724060,EUR=X,0.9760000109672546
2022-08-14 23:33:41.641948,BTC-USD,24785.630859375
2022-08-14 23:33:41.641948,ETH-USD,1983.5089111328125
2022-08-14 23:33:41.641948,DOGE-USD,0.08039582520723343
2022-08-14 23:33:41.641948,SHIB-USD,1.7066877262550406e-05
2022-08-14 23:33:41.641948,BRL=X,5.071300029754639
2022-08-14 23:33:41.641948,EURBRL=X,5.2027997970581055
2022-08-14 23:33:41.641948,EUR=X,0.9760000109672546
2022-08-14 23:33:44.578643,BTC-USD,24785.630859375
2022-08-14 23:33:44.578643,ETH-USD,1983.5089111328125
2022-08-14 23:33:44.578643,DOGE-USD,0.08039582520723343
2022-08-14 23:33:44.578643,SHIB-USD,1.7066877262550406e-05
2022-08-14 23:33:44.578643,BRL=X,5.071300029754639
2022-08-14 23:33:44.578643,EURBRL=X,5.2027997970581055
2022-08-14 23:33:44.578643,EUR=X,0.9760000109672546
2022-08-14 23:33:47.378681,BTC-USD,24785.630859375
2022-08-14 23:33:47.378681,ETH-USD,1983.5089111328125
2022-08-14 23:33:47.378681,DOGE-USD,0.08039582520723343
2022-08-14 23:33:47.378681,SHIB-USD,1.7066877262550406e-05
2022-08-14 23:33:47.378681,BRL=X,5.071300029754639
2022-08-14 23:33:47.378681,EURBRL=X,5.2027997970581055
2022-08-14 23:33:47.378681,EUR=X,0.9760000109672546
2022-08-14 23:33:51.386682,BTC-USD,24785.630859375
2022-08-14 23:33:51.386682,ETH-USD,1983.5089111328125
2022-08-14 23:33:51.386682,DOGE-USD,0.08039582520723343
2022-08-14 23:33:51.386682,SHIB-USD,1.7047799701686017e-05
2022-08-14 23:33:51.386682,BRL=X,5.071300029754639
2022-08-14 23:33:51.386682,EURBRL=X,5.2027997970581055
2022-08-14 23:33:51.386682,EUR=X,0.9760000109672546
2022-08-14 23:33:54.105628,BTC-USD,24782.095703125
2022-08-14 23:33:54.105628,ETH-USD,1983.185791015625
2022-08-14 23:33:54.105628,DOGE-USD,0.08039582520723343
2022-08-14 23:33:54.105628,SHIB-USD,1.7047799701686017e-05
2022-08-14 23:33:54.105628,BRL=X,5.071300029754639
2022-08-14 23:33:54.105628,EURBRL=X,5.2027997970581055
2022-08-14 23:33:54.105628,EUR=X,0.9760000109672546
2022-08-14 23:33:57.298938,BTC-USD,24785.630859375
2022-08-14 23:33:57.298938,ETH-USD,1983.5089111328125
2022-08-14 23:33:57.298938,DOGE-USD,0.08037764579057693
2022-08-14 23:33:57.298938,SHIB-USD,1.7047799701686017e-05
2022-08-14 23:33:57.298938,BRL=X,5.071300029754639
2022-08-14 23:33:57.298938,EURBRL=X,5.2027997970581055
2022-08-14 23:33:57.298938,EUR=X,0.9760000109672546
2022-08-14 23:33:59.536700,BTC-USD,24782.095703125
2022-08-14 23:33:59.536700,ETH-USD,1983.185791015625
2022-08-14 23:33:59.536700,DOGE-USD,0.08037764579057693
2022-08-14 23:33:59.536700,SHIB-USD,1.7047799701686017e-05
2022-08-14 23:33:59.536700,BRL=X,5.071300029754639
2022-08-14 23:33:59.536700,EURBRL=X,5.2027997970581055
2022-08-14 23:33:59.536700,EUR=X,0.9760000109672546
2022-08-14 23:34:02.034434,BTC-USD,24782.095703125
2022-08-14 23:34:02.034434,ETH-USD,1983.185791015625
2022-08-14 23:34:02.034434,DOGE-USD,0.08037764579057693
2022-08-14 23:34:02.034434,SHIB-USD,1.7047799701686017e-05
2022-08-14 23:34:02.034434,BRL=X,5.071300029754639
2022-08-14 23:34:02.034434,EURBRL=X,5.2027997970581055
2022-08-14 23:34:02.034434,EUR=X,0.9760000109672546
2022-08-14 23:34:04.834184,BTC-USD,24782.095703125
2022-08-14 23:34:04.834184,ETH-USD,1983.185791015625
2022-08-14 23:34:04.834184,DOGE-USD,0.08037764579057693
2022-08-14 23:34:04.834184,SHIB-USD,1.7047799701686017e-05
2022-08-14 23:34:04.834184,BRL=X,5.071300029754639
2022-08-14 23:34:04.834184,EURBRL=X,5.2027997970581055
2022-08-14 23:34:04.834184,EUR=X,0.9760000109672546
2022-08-14 23:34:07.273602,BTC-USD,24782.095703125
2022-08-14 23:34:07.273602,ETH-USD,1983.185791015625
2022-08-14 23:34:07.273602,DOGE-USD,0.08037764579057693
2022-08-14 23:34:07.273602,SHIB-USD,1.7047799701686017e-05
2022-08-14 23:34:07.273602,BRL=X,5.071300029754639
2022-08-14 23:34:07.273602,EURBRL=X,5.2027997970581055
2022-08-14 23:34:07.273602,EUR=X,0.9760000109672546
